apartment_id,apartment_name,gu,legal_dong,latitude,longitude,final_local_market_id,final_local_market_name,market_definition_type,local_market_confidence,assignment_stability,algorithm_cluster,hierarchical_cluster,market_size_apartments,market_transactions_12m,dominant_legal_dong,dominant_dong_share,spatial_fragmentation_flag,low_sample_flag,data_quality_flag,cluster_algorithm_reference
A10020002,드파인 광안,수영구,광안동,35.1559336270635,129.107301727685,,,,,,,,,,,,,,INSUFFICIENT_CLUSTER_FEATURES,KMEANS_K3_SEED20260911
A10020004,롯데캐슬인피니엘,남구,문현동,35.1343507743393,129.073252007688,,,,,,,,,,,,,,INSUFFICIENT_CLUSTER_FEATURES,KMEANS_K3_SEED20260911
A10020020,부산에코델타시티 디에트르 더 퍼스트아파트,강서구,강동동,35.1516110687181,128.922904276547,,,,,,,,,,,,,,INSUFFICIENT_CLUSTER_FEATURES,KMEANS_K3_SEED20260911
A10020213,가야역롯데캐슬스카이엘,부산진구,가야동,35.1565193801508,129.04401214104,,,,,,,,,,,,,,INSUFFICIENT_CLUSTER_FEATURES,KMEANS_K3_SEED20260911
A10020264,에코델타 더 베르힐 아파트,강서구,강동동,35.148743228502,128.914609008233,,,,,,,,,,,,,,INSUFFICIENT_CLUSTER_FEATURES,KMEANS_K3_SEED20260911
A10020289,두산위브더제니스 오션시티 ,남구,우암동,35.1273020431509,129.080202725707,,,,,,,,,,,,,,INSUFFICIENT_CLUSTER_FEATURES,KMEANS_K3_SEED20260911
A10020313,일광동원로얄듀크,기장군,일광읍,35.2703659526549,129.223137772446,,,,,,,,,,,,,,INSUFFICIENT_CLUSTER_FEATURES,KMEANS_K3_SEED20260911
A10020378,에코델타시티 푸르지오린,강서구,강동동,35.1428719245537,128.920043691156,,,,,,,,,,,,,,INSUFFICIENT_CLUSTER_FEATURES,KMEANS_K3_SEED20260911
A10020498,시청앞 행복주택1단지,연제구,연산동,35.1797095714915,129.078024477515,,,,,,,,,,,,,,INSUFFICIENT_CLUSTER_FEATURES,KMEANS_K3_SEED20260911
A10020569,에코델타시티 푸르지오 센터파크,강서구,강동동,35.1476705701951,128.91469842294,,,,,,,,,,,,,,INSUFFICIENT_CLUSTER_FEATURES,KMEANS_K3_SEED20260911
A10020645,강서자이에코델타,강서구,강동동,35.1432134027804,128.914188933677,,,,,,,,,,,,,,INSUFFICIENT_CLUSTER_FEATURES,KMEANS_K3_SEED20260911
A10020649,e편한세상 에코델타 센터포인트,강서구,강동동,35.1453818415594,128.914411759665,,,,,,,,,,,,,,INSUFFICIENT_CLUSTER_FEATURES,KMEANS_K3_SEED20260911
A10020721,백양산서희스타힐스,부산진구,부암동,35.172540323275,129.033133031769,LM043,부산진구|부암동,LEGAL_DONG,HIGH,1.0,0.0,0.0,12.0,426.0,부암동,1.0,False,False,OK,KMEANS_K3_SEED20260911
A10020870,양정자이더샵SKVIEW아파트(2단지),부산진구,양정동,35.1716287279998,129.075270843938,LM045,부산진구|양정동,LEGAL_DONG,HIGH,1.0,1.0,1.0,5.0,366.0,양정동,1.0,False,True,LOW_SAMPLE,KMEANS_K3_SEED20260911
A10022002,래미안포레스티지3단지,동래구,온천동,35.2214588527959,129.078856993051,LM037,동래구|온천동,LEGAL_DONG,HIGH,1.0,1.0,1.0,9.0,647.0,온천동,1.0,False,False,OK,KMEANS_K3_SEED20260911
A10022267,오션라이프에일린의뜰1단지,영도구,동삼동,35.0755544541612,129.074599795214,LM082,영도구|동삼동,LEGAL_DONG,HIGH,1.0,1.0,1.0,7.0,234.0,동삼동,1.0,False,True,LOW_SAMPLE,KMEANS_K3_SEED20260911
A10022280,두산위브더제니스센트럴사하,사하구,장림동,35.082895063328,128.972097096354,LM066,사하구|장림동,LEGAL_DONG,HIGH,1.0,1.0,1.0,5.0,181.0,장림동,1.0,False,True,LOW_SAMPLE,KMEANS_K3_SEED20260911
A10022365,연산포레서희스타힐스,연제구,연산동,35.1829012963577,129.089161019711,LM081,연제구|연산동,LEGAL_DONG,HIGH,1.0,1.0,1.0,16.0,1001.0,연산동,1.0,False,False,OK,KMEANS_K3_SEED20260911
A10022405,드파인센텀,해운대구,반여동,35.197076226816,129.118965848338,LM088,해운대구|반여동,LEGAL_DONG,HIGH,1.0,1.0,1.0,12.0,532.0,반여동,1.0,False,False,OK,KMEANS_K3_SEED20260911
A10022434,e편한세상송도더퍼스트비치,서구,암남동,35.0755106315152,129.015072978936,LM074,서구|암남동,LEGAL_DONG,HIGH,1.0,1.0,1.0,2.0,159.0,암남동,1.0,False,True,LOW_SAMPLE,KMEANS_K3_SEED20260911
A10022541,에코델타스마트시티수자인,강서구,강동동,35.1396035183419,128.916467746097,,,,,,,,,,,,,,INSUFFICIENT_CLUSTER_FEATURES,KMEANS_K3_SEED20260911
A10022568,해운대경동리인뷰2차,해운대구,우동,35.1628612447531,129.160202145981,LM089,해운대구|우동,LEGAL_DONG,LOW,0.68,0.0,1.0,19.0,766.0,우동,1.0,False,False,LOW_ASSIGNMENT_STABILITY,KMEANS_K3_SEED20260911
A10022574,초읍하늘채포레스원,부산진구,초읍동,35.1799954195609,129.050684168448,LM048,부산진구|초읍동,LEGAL_DONG,HIGH,1.0,1.0,1.0,2.0,139.0,초읍동,1.0,False,True,LOW_SAMPLE,KMEANS_K3_SEED20260911
A10022591,사직하늘채리센티아,동래구,사직동,35.2017861162457,129.060970332304,LM035,동래구|사직동,LEGAL_DONG,HIGH,1.0,1.0,1.0,9.0,540.0,사직동,1.0,False,False,OK,KMEANS_K3_SEED20260911
A10022696,에코델타호반써밋스마트시티,강서구,강동동,35.1397424250911,128.907495574458,,,,,,,,,,,,,,INSUFFICIENT_CLUSTER_FEATURES,KMEANS_K3_SEED20260911
A10022844,롯데캐슬라센트,부산진구,부암동,35.1705243127939,129.035161562272,LM043,부산진구|부암동,LEGAL_DONG,HIGH,1.0,0.0,0.0,12.0,426.0,부암동,1.0,False,False,OK,KMEANS_K3_SEED20260911
A10022847,대연비치,남구,대연동,35.1358668649776,129.110083623465,LM022,남구|대연동,LEGAL_DONG,HIGH,1.0,1.0,1.0,12.0,982.0,대연동,1.0,False,False,OK,KMEANS_K3_SEED20260911
A10022890,레이카운티(5단지),연제구,거제동,35.1899959215514,129.066108752828,LM080,연제구|거제동,LEGAL_DONG,HIGH,1.0,1.0,1.0,9.0,774.0,거제동,1.0,False,False,OK,KMEANS_K3_SEED20260911
A10022905,포레나부산덕천2차,북구,덕천동,35.2135475612397,129.015417583227,LM051,북구|덕천동,LEGAL_DONG,MEDIUM,1.0,1.0,0.0,6.0,198.0,덕천동,1.0,False,True,LOW_SAMPLE,KMEANS_K3_SEED20260911
A10022985,경동포레스트힐 행복주택 아미,서구,아미동2가,35.1013272524495,129.01039102628,,,,,,,,,,,,,,INSUFFICIENT_CLUSTER_FEATURES,KMEANS_K3_SEED20260911
A10022999,대연푸르지오클라센트1단지,남구,대연동,35.1290634154305,129.085064400067,LM022,남구|대연동,LEGAL_DONG,HIGH,1.0,1.0,1.0,12.0,982.0,대연동,1.0,False,False,OK,KMEANS_K3_SEED20260911
A10023014,시청앞 행복주택2단지,연제구,연산동,35.179254189421,129.078446100303,,,,,,,,,,,,,,INSUFFICIENT_CLUSTER_FEATURES,KMEANS_K3_SEED20260911
A10023021,서면비스타동원,부산진구,당감동,35.1576900980268,129.038333034922,LM040,부산진구|당감동,LEGAL_DONG,HIGH,1.0,1.0,1.0,10.0,393.0,당감동,1.0,False,False,OK,KMEANS_K3_SEED20260911
A10023040,양정포레힐즈스위첸1단지,부산진구,양정동,35.1723960004205,129.079723130345,LM045,부산진구|양정동,LEGAL_DONG,HIGH,1.0,1.0,1.0,5.0,366.0,양정동,1.0,False,True,LOW_SAMPLE,KMEANS_K3_SEED20260911
A10023104,사상중흥에스-클래스그랜드센트럴,사상구,덕포동,35.1716317464552,128.983687212587,LM055,사상구|덕포동,LEGAL_DONG,HIGH,1.0,0.0,0.0,3.0,145.0,덕포동,1.0,False,True,LOW_SAMPLE,KMEANS_K3_SEED20260911
A10023208,두산위브더제니스하버시티,동구,범일동,35.1326704859309,129.057266019849,LM027,동구|범일동,LEGAL_DONG,HIGH,1.0,1.0,1.0,4.0,179.0,범일동,1.0,False,True,LOW_SAMPLE,KMEANS_K3_SEED20260911
A10023283,금호센트럴베이 행복주택 일광,기장군,일광읍,35.2607952781356,129.224005976511,,,,,,,,,,,,,,INSUFFICIENT_CLUSTER_FEATURES,KMEANS_K3_SEED20260911
A10023409,이진젠시티개금,부산진구,개금동,35.1536845951425,129.02625480982,LM039,부산진구|개금동,LEGAL_DONG,MEDIUM,1.0,1.0,0.0,8.0,361.0,개금동,1.0,False,True,LOW_SAMPLE,KMEANS_K3_SEED20260911
A10023417,더샵동래,동래구,온천동,35.2148587237127,129.079964263796,LM037,동래구|온천동,LEGAL_DONG,HIGH,1.0,0.0,0.0,9.0,647.0,온천동,1.0,False,False,OK,KMEANS_K3_SEED20260911
A10023420,남천자이,수영구,남천동,35.1401914569438,129.112924625666,LM076,수영구|남천동,LEGAL_DONG,HIGH,1.0,1.0,1.0,5.0,444.0,남천동,1.0,False,True,LOW_SAMPLE,KMEANS_K3_SEED20260911
A10023436,데시앙해링턴플레이스파크시티,남구,용호동,35.1126137352917,129.113230004297,LM025,남구|용호동,LEGAL_DONG,HIGH,1.0,0.0,0.0,9.0,715.0,용호동,1.0,False,False,OK,KMEANS_K3_SEED20260911
A10023440,힐스테이트사하역,사하구,괴정동,35.0980414493449,128.97932578032,LM061,사하구|괴정동,LEGAL_DONG,HIGH,1.0,0.0,0.0,3.0,160.0,괴정동,1.0,False,True,LOW_SAMPLE,KMEANS_K3_SEED20260911
A10023526,힐스테이트연산,연제구,연산동,35.173358042705,129.088891402581,LM081,연제구|연산동,LEGAL_DONG,HIGH,1.0,1.0,1.0,16.0,1001.0,연산동,1.0,False,False,OK,KMEANS_K3_SEED20260911
A10023533,오션파라곤아파트,남구,문현동,35.1298403579976,129.068032658048,LM023,남구|문현동,LEGAL_DONG,HIGH,1.0,0.0,0.0,7.0,329.0,문현동,1.0,False,True,LOW_SAMPLE,KMEANS_K3_SEED20260911
A10023542,해운대센트럴푸르지오,해운대구,우동,35.1646359363932,129.161319140252,LM089,해운대구|우동,LEGAL_DONG,HIGH,1.0,1.0,1.0,19.0,766.0,우동,1.0,False,False,OK,KMEANS_K3_SEED20260911
A10023544,센트럴스타힐스,사상구,괘법동,35.1641703820883,128.981914602925,LM054,사상구|괘법동,LEGAL_DONG,HIGH,1.0,0.0,0.0,3.0,123.0,괘법동,1.0,False,True,LOW_SAMPLE,KMEANS_K3_SEED20260911
A10023571,주례롯데캐슬골드스마트,사상구,주례동,35.1523287221475,128.996756992175,LM058,사상구|주례동,LEGAL_DONG,HIGH,1.0,0.0,0.0,9.0,271.0,주례동,1.0,False,True,LOW_SAMPLE,KMEANS_K3_SEED20260911
A10023607,더샵남천프레스티지,수영구,남천동,35.1423137657431,129.105669413733,LM076,수영구|남천동,LEGAL_DONG,HIGH,1.0,1.0,1.0,5.0,444.0,남천동,1.0,False,True,LOW_SAMPLE,KMEANS_K3_SEED20260911
A10023616,래미안어반파크2단지,부산진구,연지동,35.17424270798,129.054541548223,LM046,부산진구|연지동,LEGAL_DONG,HIGH,1.0,1.0,1.0,6.0,308.0,연지동,1.0,False,True,LOW_SAMPLE,KMEANS_K3_SEED20260911
A10023625,e편한세상시민공원2단지,부산진구,전포동,35.1653348393502,129.070049332342,LM047,부산진구|전포동,LEGAL_DONG,HIGH,1.0,1.0,1.0,7.0,439.0,전포동,1.0,False,True,LOW_SAMPLE,KMEANS_K3_SEED20260911
A10023627,가야롯데캐슬골드아너,부산진구,가야동,35.1532102220527,129.030537782842,LM038,부산진구|가야동,LEGAL_DONG,HIGH,1.0,1.0,1.0,3.0,155.0,가야동,1.0,False,True,LOW_SAMPLE,KMEANS_K3_SEED20260911
A10023647,센텀KCC스위첸,해운대구,반여동,35.1957283041092,129.121810026548,LM088,해운대구|반여동,LEGAL_DONG,HIGH,1.0,0.0,0.0,12.0,532.0,반여동,1.0,False,False,OK,KMEANS_K3_SEED20260911
A10023684,포레나부산덕천1차,북구,덕천동,35.2127277626499,129.012184959816,LM051,북구|덕천동,LEGAL_DONG,HIGH,1.0,0.0,0.0,6.0,198.0,덕천동,1.0,False,True,LOW_SAMPLE,KMEANS_K3_SEED20260911
A10023692,웨이브리즈,기장군,기장읍청강리,35.2327721439094,129.220605306016,LM013,기장군|기장읍청강리,LEGAL_DONG,HIGH,1.0,0.0,0.0,4.0,88.0,기장읍청강리,1.0,False,True,LOW_SAMPLE,KMEANS_K3_SEED20260911
A10023704,대신해모로센트럴아파트,서구,서대신동2가,35.1113590671005,129.011559245152,LM072,서구|서대신동2가,LEGAL_DONG,HIGH,1.0,0.0,0.0,2.0,120.0,서대신동2가,1.0,False,True,LOW_SAMPLE,KMEANS_K3_SEED20260911
A10023725,백양산베스티움에코포레,북구,만덕동,35.2071617886075,129.043239180592,LM052,북구|만덕동,LEGAL_DONG,HIGH,1.0,0.0,0.0,13.0,569.0,만덕동,1.0,False,False,OK,KMEANS_K3_SEED20260911
A10023750,e편한세상서면더센트럴,부산진구,범천동,35.1520548371687,129.049897995425,LM042,부산진구|범천동,LEGAL_DONG,HIGH,1.0,1.0,1.0,5.0,198.0,범천동,1.0,False,True,LOW_SAMPLE,KMEANS_K3_SEED20260911
A10023778,이지더원2차포레온아파트,기장군,일광읍,35.2600442556488,129.221305969533,,,,,,,,,,,,,,INSUFFICIENT_CLUSTER_FEATURES,KMEANS_K3_SEED20260911
A10023781,힐스테이트명륜트라디움,동래구,명륜동,35.214463197331,129.082846682152,LM032,동래구|명륜동,LEGAL_DONG,HIGH,1.0,1.0,1.0,5.0,306.0,명륜동,1.0,False,True,LOW_SAMPLE,KMEANS_K3_SEED20260911
A10023790,힐스테이트이진베이시티아파트,서구,암남동,35.0787637032665,129.022924973587,LM074,서구|암남동,LEGAL_DONG,MEDIUM,1.0,1.0,0.0,2.0,159.0,암남동,1.0,False,True,LOW_SAMPLE,KMEANS_K3_SEED20260911
A10023837,부산오션시티푸르지오,영도구,동삼동,35.0685254126271,129.084094589982,LM082,영도구|동삼동,LEGAL_DONG,HIGH,1.0,0.0,0.0,7.0,234.0,동삼동,1.0,False,True,LOW_SAMPLE,KMEANS_K3_SEED20260911
A10023872,대연양우내안애퍼스트,남구,문현동,35.1347343005461,129.078070055216,LM023,남구|문현동,LEGAL_DONG,HIGH,1.0,1.0,1.0,7.0,329.0,문현동,1.0,False,True,LOW_SAMPLE,KMEANS_K3_SEED20260911
A10023912,일광한신더휴센트럴포레2단지,기장군,일광읍삼성리,35.2623212335079,129.220342194822,LM014,기장군|일광읍삼성리,LEGAL_DONG,HIGH,1.0,0.0,0.0,6.0,308.0,일광읍삼성리,1.0,False,True,LOW_SAMPLE,KMEANS_K3_SEED20260911
A10023928,사하코오롱하늘채,사하구,신평동,35.09221648435,128.968189299826,LM065,사하구|신평동,LEGAL_DONG,HIGH,1.0,0.0,0.0,6.0,195.0,신평동,1.0,False,True,LOW_SAMPLE,KMEANS_K3_SEED20260911
A10023963,부산항일동미라주더오션(1지구),동구,좌천동,35.13172851113,129.05245707811,LM029,동구|좌천동,LEGAL_DONG,HIGH,1.0,0.0,0.0,1.0,23.0,좌천동,1.0,False,True,LOW_SAMPLE,KMEANS_K3_SEED20260911
A10023969,괴정한신더휴,사하구,괴정동,35.1076784658799,128.998897634279,LM061,사하구|괴정동,LEGAL_DONG,HIGH,1.0,0.0,0.0,3.0,160.0,괴정동,1.0,False,True,LOW_SAMPLE,KMEANS_K3_SEED20260911
A10023975,동래래미안아이파크,동래구,온천동,35.2108185382833,129.071308200134,LM037,동래구|온천동,LEGAL_DONG,HIGH,1.0,1.0,1.0,9.0,647.0,온천동,1.0,False,False,OK,KMEANS_K3_SEED20260911
A10024005,동래3차SKVIEW,동래구,온천동,35.2164407285619,129.07979446266,LM037,동래구|온천동,LEGAL_DONG,HIGH,1.0,1.0,1.0,9.0,647.0,온천동,1.0,False,False,OK,KMEANS_K3_SEED20260911
A10024185,부산사하중흥S-클래스,사하구,구평동,35.0813328998267,128.988418279772,,,,,,,,,,,,,,INSUFFICIENT_CLUSTER_FEATURES,KMEANS_K3_SEED20260911
A10024201,리버파크반도유보라,북구,구포동,35.2042466425221,129.002397767837,LM049,북구|구포동,LEGAL_DONG,HIGH,1.0,1.0,1.0,5.0,218.0,구포동,1.0,False,True,LOW_SAMPLE,KMEANS_K3_SEED20260911
A10024226,삼한골든뷰에듀스테이션,금정구,부곡동,35.2308898916178,129.089724186277,LM006,금정구|부곡동,LEGAL_DONG,MEDIUM,1.0,1.0,0.0,8.0,282.0,부곡동,1.0,False,True,LOW_SAMPLE,KMEANS_K3_SEED20260911
A10024249,해운대센텀트루엘1단지,해운대구,반여동,35.207635823241,129.118658128895,LM088,해운대구|반여동,LEGAL_DONG,HIGH,1.0,0.0,0.0,12.0,532.0,반여동,1.0,False,False,OK,KMEANS_K3_SEED20260911
A10024303,영도센트럴에일린의뜰,영도구,봉래동4가,35.0935638945661,129.047480684119,LM084,영도구|봉래동4가,LEGAL_DONG,HIGH,1.0,0.0,0.0,1.0,59.0,봉래동4가,1.0,False,True,LOW_SAMPLE,KMEANS_K3_SEED20260911
A10024318,이편한세상금정산,북구,만덕동,35.2157515534228,129.038054428315,LM052,북구|만덕동,LEGAL_DONG,HIGH,1.0,0.0,0.0,13.0,569.0,만덕동,1.0,False,False,OK,KMEANS_K3_SEED20260911
A10024328,동대신역비스타동원아파트,서구,동대신동1가,35.1103728686337,129.022816608344,LM068,서구|동대신동1가,LEGAL_DONG,HIGH,1.0,0.0,0.0,1.0,37.0,동대신동1가,1.0,False,True,LOW_SAMPLE,KMEANS_K3_SEED20260911
A10024341,화명푸르지오헤리센트,북구,화명동,35.2391676993315,129.016022012086,LM053,북구|화명동,LEGAL_DONG,HIGH,1.0,1.0,1.0,18.0,1144.0,화명동,1.0,False,False,OK,KMEANS_K3_SEED20260911
A10024383,사하역비스타동원,사하구,괴정동,35.1001350992794,128.98425723893,LM061,사하구|괴정동,LEGAL_DONG,HIGH,1.0,0.0,0.0,3.0,160.0,괴정동,1.0,False,True,LOW_SAMPLE,KMEANS_K3_SEED20260911
A10024476,일광신도시비스타동원2차,기장군,일광읍이천리,35.2686425093774,129.230066238261,LM015,기장군|일광읍이천리,LEGAL_DONG,HIGH,1.0,0.0,0.0,1.0,33.0,일광읍이천리,1.0,False,True,LOW_SAMPLE,KMEANS_K3_SEED20260911
A10024535,대신푸르지오2차,서구,서대신동2가,35.1084567309889,129.013588861488,LM072,서구|서대신동2가,LEGAL_DONG,HIGH,1.0,0.0,0.0,2.0,120.0,서대신동2가,1.0,False,True,LOW_SAMPLE,KMEANS_K3_SEED20260911
A10024591,롯데캐슬스타,해운대구,중동,35.1647378327007,129.163520530517,LM092,해운대구|중동,LEGAL_DONG,HIGH,1.0,1.0,1.0,5.0,254.0,중동,1.0,False,True,LOW_SAMPLE,KMEANS_K3_SEED20260911
A10024602,서면아이파크1단지,부산진구,전포동,35.1551400379108,129.068740212481,LM047,부산진구|전포동,LEGAL_DONG,HIGH,1.0,1.0,1.0,7.0,439.0,전포동,1.0,False,True,LOW_SAMPLE,KMEANS_K3_SEED20260911
A10024606,일광대성베르힐,기장군,일광읍삼성리,35.2601632496375,129.220709688019,LM014,기장군|일광읍삼성리,LEGAL_DONG,HIGH,1.0,0.0,0.0,6.0,308.0,일광읍삼성리,1.0,False,True,LOW_SAMPLE,KMEANS_K3_SEED20260911
A10024627,연산롯데캐슬골드포레,연제구,연산동,35.1741600807294,129.080915089737,LM081,연제구|연산동,LEGAL_DONG,HIGH,1.0,1.0,1.0,16.0,1001.0,연산동,1.0,False,False,OK,KMEANS_K3_SEED20260911
A10024664,더샵명지퍼스트월드3단지,강서구,명지동,35.0947817266961,128.906874174632,LM001,강서구|명지동,LEGAL_DONG,HIGH,1.0,0.0,0.0,22.0,1081.0,명지동,1.0,False,False,OK,KMEANS_K3_SEED20260911
A10024695,광안자이,수영구,광안동,35.1552831735431,129.109801726186,LM075,수영구|광안동,LEGAL_DONG,HIGH,1.0,1.0,1.0,4.0,155.0,광안동,1.0,False,True,LOW_SAMPLE,KMEANS_K3_SEED20260911
A10024697,더샵명지퍼스트월드2단지,강서구,명지동,35.0975218758561,128.905203069718,LM001,강서구|명지동,LEGAL_DONG,HIGH,1.0,0.0,0.0,22.0,1081.0,명지동,1.0,False,False,OK,KMEANS_K3_SEED20260911
A10024704,문현경동리인아파트,남구,문현동,35.1409691251054,129.074276365533,LM023,남구|문현동,LEGAL_DONG,HIGH,1.0,0.0,0.0,7.0,329.0,문현동,1.0,False,True,LOW_SAMPLE,KMEANS_K3_SEED20260911
A10024875,브라운스톤하이포레,서구,동대신동3가,35.1184561607383,129.019216891509,LM069,서구|동대신동3가,LEGAL_DONG,HIGH,1.0,0.0,0.0,1.0,32.0,동대신동3가,1.0,False,True,LOW_SAMPLE,KMEANS_K3_SEED20260911
A10024909,일광자이푸르지오2단지,기장군,일광읍삼성리,35.266508511069,129.224075807701,LM014,기장군|일광읍삼성리,LEGAL_DONG,HIGH,1.0,0.0,0.0,6.0,308.0,일광읍삼성리,1.0,False,True,LOW_SAMPLE,KMEANS_K3_SEED20260911
A10024919,일광신도시비스타동원1차,기장군,일광읍삼성리,35.2686940584841,129.22713210067,LM014,기장군|일광읍삼성리,LEGAL_DONG,HIGH,1.0,0.0,0.0,6.0,308.0,일광읍삼성리,1.0,False,True,LOW_SAMPLE,KMEANS_K3_SEED20260911
A10024933,이지더원1차오션포레,기장군,일광읍삼성리,35.2678015529625,129.221833789339,LM014,기장군|일광읍삼성리,LEGAL_DONG,HIGH,1.0,0.0,0.0,6.0,308.0,일광읍삼성리,1.0,False,True,LOW_SAMPLE,KMEANS_K3_SEED20260911
A10024953,포레나부산초읍,부산진구,초읍동,35.1758848111544,129.045748934043,LM048,부산진구|초읍동,LEGAL_DONG,HIGH,1.0,1.0,1.0,2.0,139.0,초읍동,1.0,False,True,LOW_SAMPLE,KMEANS_K3_SEED20260911
A10024982,쌍용더플래티넘사직아시아드아파트,동래구,사직동,35.1962684818295,129.067245241012,LM035,동래구|사직동,LEGAL_DONG,HIGH,1.0,1.0,1.0,9.0,540.0,사직동,1.0,False,False,OK,KMEANS_K3_SEED20260911
A10024998,범양레우스센트럴베이,동구,초량동,35.121213153349,129.041661018536,LM030,동구|초량동,LEGAL_DONG,MEDIUM,1.0,1.0,0.0,2.0,86.0,초량동,1.0,False,True,LOW_SAMPLE,KMEANS_K3_SEED20260911
A10025042,e편한세상일광,기장군,일광읍삼성리,35.269062848856,129.22605244534,LM014,기장군|일광읍삼성리,LEGAL_DONG,HIGH,1.0,0.0,0.0,6.0,308.0,일광읍삼성리,1.0,False,True,LOW_SAMPLE,KMEANS_K3_SEED20260911
A10025075,e편한세상오션테라스3단지,수영구,민락동,35.1560922571174,129.128683849328,LM078,수영구|민락동,LEGAL_DONG,HIGH,1.0,1.0,1.0,5.0,219.0,민락동,1.0,False,True,LOW_SAMPLE,KMEANS_K3_SEED20260911
A10025135,시청역비스타동원,연제구,연산동,35.1792657348573,129.076959383109,LM081,연제구|연산동,LEGAL_DONG,HIGH,1.0,0.0,0.0,16.0,1001.0,연산동,1.0,False,False,OK,KMEANS_K3_SEED20260911
A10025154,명지화전우방아이유쉘,강서구,화전동,35.1107280033447,128.885585412422,LM004,강서구|화전동,LEGAL_DONG,MEDIUM,0.8,0.0,0.0,1.0,8.0,화전동,1.0,False,True,LOW_SAMPLE,KMEANS_K3_SEED20260911
A10025181,엘시티,해운대구,중동,35.1613327099223,129.168013841974,LM092,해운대구|중동,LEGAL_DONG,MEDIUM,1.0,1.0,0.0,5.0,254.0,중동,1.0,False,True,LOW_SAMPLE,KMEANS_K3_SEED20260911
A10025214,해운대비스타동원,해운대구,우동,35.1659202892898,129.162169592708,LM089,해운대구|우동,LEGAL_DONG,HIGH,1.0,1.0,1.0,19.0,766.0,우동,1.0,False,False,OK,KMEANS_K3_SEED20260911
A10025235,더 래디언트 금정산,북구,만덕동,35.2150395342966,129.03721493208,LM052,북구|만덕동,LEGAL_DONG,HIGH,1.0,0.0,0.0,13.0,569.0,만덕동,1.0,False,False,OK,KMEANS_K3_SEED20260911
A10025258,아시아드코오롱하늘채,연제구,거제동,35.1935398467592,129.064828479989,,,,,,,,,,,,,,INSUFFICIENT_CLUSTER_FEATURES,KMEANS_K3_SEED20260911
A10025342,e편한세상동래명장1단지,동래구,명장동,35.2051196931617,129.105513244994,LM033,동래구|명장동,LEGAL_DONG,HIGH,1.0,1.0,1.0,2.0,132.0,명장동,1.0,False,True,LOW_SAMPLE,KMEANS_K3_SEED20260911
A10025359,e편한세상부산항,동구,초량동,35.1230980159299,129.039977255617,LM030,동구|초량동,LEGAL_DONG,HIGH,1.0,0.0,0.0,2.0,86.0,초량동,1.0,False,True,LOW_SAMPLE,KMEANS_K3_SEED20260911
A10025380,협성휴포레부산진역오션뷰,동구,수정동,35.1273388202404,129.046454260579,LM028,동구|수정동,LEGAL_DONG,HIGH,1.0,0.0,0.0,1.0,29.0,수정동,1.0,False,True,LOW_SAMPLE,KMEANS_K3_SEED20260911
A10025433,수영SKVIEW1단지,수영구,망미동,35.1767886824248,129.101455155274,LM077,수영구|망미동,LEGAL_DONG,HIGH,1.0,1.0,1.0,4.0,145.0,망미동,1.0,False,True,LOW_SAMPLE,KMEANS_K3_SEED20260911
A10025434,서면2차봄여름가을겨울,부산진구,당감동,35.1586192511082,129.049074269119,LM040,부산진구|당감동,LEGAL_DONG,HIGH,1.0,0.0,0.0,10.0,393.0,당감동,1.0,False,False,OK,KMEANS_K3_SEED20260911
A10025463,동래효성해링턴플레이스,동래구,온천동,35.2072259634661,129.067811034236,LM037,동래구|온천동,LEGAL_DONG,HIGH,1.0,1.0,1.0,9.0,647.0,온천동,1.0,False,False,OK,KMEANS_K3_SEED20260911
A10025508,베스티움,남구,문현동,35.1390189910716,129.070427032654,LM023,남구|문현동,LEGAL_DONG,HIGH,1.0,1.0,1.0,7.0,329.0,문현동,1.0,False,True,LOW_SAMPLE,KMEANS_K3_SEED20260911
A10025540,삼한골든뷰센트럴파크,부산진구,범전동,35.1651823884655,129.062929485071,LM041,부산진구|범전동,LEGAL_DONG,HIGH,1.0,1.0,1.0,1.0,72.0,범전동,1.0,False,True,LOW_SAMPLE,KMEANS_K3_SEED20260911
A10025559,연산더샵,연제구,연산동,35.1744192055912,129.084553611316,LM081,연제구|연산동,LEGAL_DONG,HIGH,1.0,1.0,1.0,16.0,1001.0,연산동,1.0,False,False,OK,KMEANS_K3_SEED20260911
A10025593,대연자이,남구,대연동,35.1297154922914,129.101975964378,LM022,남구|대연동,LEGAL_DONG,HIGH,1.0,1.0,1.0,12.0,982.0,대연동,1.0,False,False,OK,KMEANS_K3_SEED20260911
A10025662,포레나동래,동래구,낙민동,35.196597853658,129.090761438022,LM031,동래구|낙민동,LEGAL_DONG,HIGH,1.0,0.0,0.0,6.0,143.0,낙민동,1.0,False,True,LOW_SAMPLE,KMEANS_K3_SEED20260911
A10025687,명륜자이,동래구,명륜동,35.2067512543455,129.081153682083,LM032,동래구|명륜동,LEGAL_DONG,HIGH,1.0,1.0,1.0,5.0,306.0,명륜동,1.0,False,True,LOW_SAMPLE,KMEANS_K3_SEED20260911
A10025749,부산정관 행복주택,기장군,정관읍,35.3419618136679,129.161652328411,,,,,,,,,,,,,,INSUFFICIENT_CLUSTER_FEATURES,KMEANS_K3_SEED20260911
A10025776,더힐시그니처,강서구,명지동,35.0959304769464,128.913268117194,LM001,강서구|명지동,LEGAL_DONG,HIGH,1.0,0.0,0.0,22.0,1081.0,명지동,1.0,False,False,OK,KMEANS_K3_SEED20260911
A10025901,부산전포동 사랑으로 부영아파트,부산진구,전포동,35.1574084114759,129.068715474769,,,,,,,,,,,,,,INSUFFICIENT_CLUSTER_FEATURES,KMEANS_K3_SEED20260911
A10025923,스위트팰리스,강서구,명지동,35.1099782684915,128.921377322155,,,,,,,,,,,,,,INSUFFICIENT_CLUSTER_FEATURES,KMEANS_K3_SEED20260911
A10025932,명지금강펜테리움센트럴파크3차,강서구,명지동,35.1040778310702,128.921442769417,,,,,,,,,,,,,,INSUFFICIENT_CLUSTER_FEATURES,KMEANS_K3_SEED20260911
A10025950,거제센트럴자이,연제구,거제동,35.193410924204,129.075544485213,LM080,연제구|거제동,LEGAL_DONG,HIGH,1.0,1.0,1.0,9.0,774.0,거제동,1.0,False,False,OK,KMEANS_K3_SEED20260911
A10025994,연제롯데캐슬데시앙,연제구,연산동,35.1804004746119,129.083357974777,LM081,연제구|연산동,LEGAL_DONG,HIGH,1.0,1.0,1.0,16.0,1001.0,연산동,1.0,False,False,OK,KMEANS_K3_SEED20260911
A10026034,대신푸르지오1차,서구,서대신동1가,35.1073974230548,129.01613473633,LM071,서구|서대신동1가,LEGAL_DONG,HIGH,1.0,1.0,1.0,1.0,68.0,서대신동1가,1.0,False,True,LOW_SAMPLE,KMEANS_K3_SEED20260911
A10026094,대연SKVIEWHills(2단지),남구,대연동,35.13824171926,129.093430256325,LM022,남구|대연동,LEGAL_DONG,HIGH,1.0,1.0,1.0,12.0,982.0,대연동,1.0,False,False,OK,KMEANS_K3_SEED20260911
A10026157,명지더웨스턴,강서구,명지동,35.0967275507,128.912899235566,LM001,강서구|명지동,LEGAL_DONG,HIGH,1.0,0.0,0.0,22.0,1081.0,명지동,1.0,False,False,OK,KMEANS_K3_SEED20260911
A10026184,대연파크푸르지오,남구,대연동,35.1253456097927,129.090820034146,LM022,남구|대연동,LEGAL_DONG,HIGH,1.0,1.0,1.0,12.0,982.0,대연동,1.0,False,False,OK,KMEANS_K3_SEED20260911
A10026316,동래삼정그린코아포레스트,동래구,온천동,35.2040935729637,129.060840578575,LM037,동래구|온천동,LEGAL_DONG,HIGH,1.0,1.0,1.0,9.0,647.0,온천동,1.0,False,False,OK,KMEANS_K3_SEED20260911
A10026360,동래동일스위트,동래구,명장동,35.2134812754542,129.094163965264,LM033,동래구|명장동,LEGAL_DONG,HIGH,1.0,0.0,0.0,2.0,132.0,명장동,1.0,False,True,LOW_SAMPLE,KMEANS_K3_SEED20260911
A10026363,개금역금강펜테리움더스퀘어아파트,부산진구,개금동,35.1528383260911,129.021227204738,LM039,부산진구|개금동,LEGAL_DONG,HIGH,1.0,0.0,0.0,8.0,361.0,개금동,1.0,False,True,LOW_SAMPLE,KMEANS_K3_SEED20260911
A10026391,더블유,남구,용호동,35.1342294576999,129.111216765972,LM025,남구|용호동,LEGAL_DONG,MEDIUM,1.0,1.0,0.0,9.0,715.0,용호동,1.0,False,False,OK,KMEANS_K3_SEED20260911
A10026445,부산명지중흥S-클래스에듀오션,강서구,명지동,35.1012700104038,128.920855108103,LM001,강서구|명지동,LEGAL_DONG,HIGH,1.0,0.0,0.0,22.0,1081.0,명지동,1.0,False,False,OK,KMEANS_K3_SEED20260911
A10026452,대연롯데캐슬레전드1단지,남구,대연동,35.1351592669846,129.080302708807,LM022,남구|대연동,LEGAL_DONG,HIGH,1.0,1.0,1.0,12.0,982.0,대연동,1.0,False,False,OK,KMEANS_K3_SEED20260911
A10026484,해운대자이2차1단지,해운대구,우동,35.1683485565665,129.142766503431,LM089,해운대구|우동,LEGAL_DONG,HIGH,1.0,1.0,1.0,19.0,766.0,우동,1.0,False,False,OK,KMEANS_K3_SEED20260911
A10026557,센텀리슈빌2단지,해운대구,재송동,35.1914835593563,129.115888825499,LM090,해운대구|재송동,LEGAL_DONG,MEDIUM,1.0,1.0,0.0,11.0,498.0,재송동,1.0,False,False,OK,KMEANS_K3_SEED20260911
A10026651,e편한세상사하2차,사하구,구평동,35.0827778603371,128.984491722497,LM062,사하구|구평동,LEGAL_DONG,HIGH,1.0,0.0,0.0,3.0,118.0,구평동,1.0,False,True,LOW_SAMPLE,KMEANS_K3_SEED20260911
A10026746,오션브릿지,동구,범일동,35.1334492882699,129.059079172546,LM027,동구|범일동,LEGAL_DONG,HIGH,1.0,0.0,0.0,4.0,179.0,범일동,1.0,False,True,LOW_SAMPLE,KMEANS_K3_SEED20260911
A10026760,센텀비스타동원,수영구,민락동,35.1672489290806,129.120800367051,LM078,수영구|민락동,LEGAL_DONG,HIGH,1.0,1.0,1.0,5.0,219.0,민락동,1.0,False,True,LOW_SAMPLE,KMEANS_K3_SEED20260911
A10026780,래미안장전,금정구,장전동,35.2275922774064,129.086740141721,LM007,금정구|장전동,LEGAL_DONG,HIGH,1.0,1.0,1.0,5.0,363.0,장전동,1.0,False,True,LOW_SAMPLE,KMEANS_K3_SEED20260911
A10026813,정관 엘에이치 7단지,기장군,정관읍,35.3369209641856,129.168752600504,,,,,,,,,,,,,,INSUFFICIENT_CLUSTER_FEATURES,KMEANS_K3_SEED20260911
A10026861,서면동일파크스위트3차,부산진구,부암동,35.165417735262,129.045944837845,LM043,부산진구|부암동,LEGAL_DONG,HIGH,1.0,0.0,0.0,12.0,426.0,부암동,1.0,False,False,OK,KMEANS_K3_SEED20260911
A10026865,동부산관광단지삼정그린코아더베스트,기장군,기장읍내리,35.2040536747351,129.207169705909,LM010,기장군|기장읍내리,LEGAL_DONG,HIGH,1.0,0.0,0.0,1.0,16.0,기장읍내리,1.0,False,True,LOW_SAMPLE,KMEANS_K3_SEED20260911
A10026902,연산동일동미라주더스타,연제구,연산동,35.1906164745463,129.087915053233,LM081,연제구|연산동,LEGAL_DONG,HIGH,1.0,0.0,0.0,16.0,1001.0,연산동,1.0,False,False,OK,KMEANS_K3_SEED20260911
A10026975,주례경동리인,사상구,주례동,35.1557931167053,128.995991051558,LM058,사상구|주례동,LEGAL_DONG,HIGH,1.0,0.0,0.0,9.0,271.0,주례동,1.0,False,True,LOW_SAMPLE,KMEANS_K3_SEED20260911
A10027026,지사과학삼정그린코아,강서구,지사동,35.1518194278834,128.839600768448,LM003,강서구|지사동,LEGAL_DONG,HIGH,1.0,2.0,2.0,3.0,179.0,지사동,1.0,False,True,LOW_SAMPLE,KMEANS_K3_SEED20260911
A10027052,서면DS·협성엘리시안아파트,부산진구,범천동,35.1447760706214,129.053401969117,LM042,부산진구|범천동,LEGAL_DONG,HIGH,1.0,0.0,0.0,5.0,198.0,범천동,1.0,False,True,LOW_SAMPLE,KMEANS_K3_SEED20260911
A10027054,사직롯데캐슬더클래식,동래구,사직동,35.1979263670697,129.066736914666,LM035,동래구|사직동,LEGAL_DONG,HIGH,1.0,1.0,1.0,9.0,540.0,사직동,1.0,False,False,OK,KMEANS_K3_SEED20260911
A10027085,센텀리버SKVIEW,연제구,연산동,35.1837740022009,129.113720499138,LM081,연제구|연산동,LEGAL_DONG,MEDIUM,1.0,1.0,0.0,16.0,1001.0,연산동,1.0,False,False,OK,KMEANS_K3_SEED20260911
A10027139,명지국제신도시호반베르디움2차,강서구,명지동,35.1023779782121,128.920192998502,LM001,강서구|명지동,LEGAL_DONG,HIGH,1.0,0.0,0.0,22.0,1081.0,명지동,1.0,False,False,OK,KMEANS_K3_SEED20260911
A10027159,브라운스톤연제2단지,연제구,연산동,35.1781292696525,129.077732458495,LM081,연제구|연산동,LEGAL_DONG,MEDIUM,0.82,0.0,0.0,16.0,1001.0,연산동,1.0,False,False,OK,KMEANS_K3_SEED20260911
A10027236,사하뷰웰,사하구,신평동,35.0913816382854,128.969170494542,LM065,사하구|신평동,LEGAL_DONG,HIGH,1.0,0.0,0.0,6.0,195.0,신평동,1.0,False,True,LOW_SAMPLE,KMEANS_K3_SEED20260911
A10027280,명지협성휴포레,강서구,명지동,35.1075308265119,128.921120157931,LM001,강서구|명지동,LEGAL_DONG,HIGH,1.0,0.0,0.0,22.0,1081.0,명지동,1.0,False,False,OK,KMEANS_K3_SEED20260911
A10027282,부산명지중흥S-클래스프라디움,강서구,명지동,35.0964045540988,128.916710287675,LM001,강서구|명지동,LEGAL_DONG,HIGH,1.0,0.0,0.0,22.0,1081.0,명지동,1.0,False,False,OK,KMEANS_K3_SEED20260911
A10027306,e편한세상사하,사하구,구평동,35.0809670275315,128.986262867272,LM062,사하구|구평동,LEGAL_DONG,HIGH,1.0,0.0,0.0,3.0,118.0,구평동,1.0,False,True,LOW_SAMPLE,KMEANS_K3_SEED20260911
A10027325,구서SKVIEW1단지,금정구,구서동,35.2438418119491,129.085571678272,LM005,금정구|구서동,LEGAL_DONG,MEDIUM,1.0,1.0,0.0,7.0,250.0,구서동,1.0,False,True,LOW_SAMPLE,KMEANS_K3_SEED20260911
A10027340,전포LH아파트,부산진구,전포동,35.1681043713671,129.066646480679,,,,,,,,,,,,,,INSUFFICIENT_CLUSTER_FEATURES,KMEANS_K3_SEED20260911
A10027341,사직KCC스위첸1단지,동래구,사직동,35.2008818394607,129.057074696685,LM035,동래구|사직동,LEGAL_DONG,HIGH,1.0,1.0,1.0,9.0,540.0,사직동,1.0,False,False,OK,KMEANS_K3_SEED20260911
A10027503,정관양우내안愛,기장군,정관읍용수리,35.329047160766,129.179471975619,LM020,기장군|정관읍용수리,LEGAL_DONG,HIGH,1.0,2.0,2.0,6.0,224.0,정관읍용수리,1.0,False,True,LOW_SAMPLE,KMEANS_K3_SEED20260911
A10027581,명지대방노블랜드오션뷰2차,강서구,명지동,35.0953281798622,128.91917534047,LM001,강서구|명지동,LEGAL_DONG,HIGH,1.0,0.0,0.0,22.0,1081.0,명지동,1.0,False,False,OK,KMEANS_K3_SEED20260911
A10027621,명지2차금강펜테리움센트럴파크,강서구,명지동,35.1042150316068,128.919193763803,LM001,강서구|명지동,LEGAL_DONG,HIGH,1.0,0.0,0.0,22.0,1081.0,명지동,1.0,False,False,OK,KMEANS_K3_SEED20260911
A10027656,명지대방노블랜드오션뷰1차,강서구,명지동,35.0970088824499,128.920360599523,LM001,강서구|명지동,LEGAL_DONG,HIGH,1.0,0.0,0.0,22.0,1081.0,명지동,1.0,False,False,OK,KMEANS_K3_SEED20260911
A10027690,명륜2차아이파크1단지,동래구,명륜동,35.2152300700385,129.088107697602,LM032,동래구|명륜동,LEGAL_DONG,HIGH,1.0,1.0,1.0,5.0,306.0,명륜동,1.0,False,True,LOW_SAMPLE,KMEANS_K3_SEED20260911
A10027698,명지국제신도시호반베르디움1차,강서구,명지동,35.1004557357605,128.920892035046,LM001,강서구|명지동,LEGAL_DONG,HIGH,1.0,0.0,0.0,22.0,1081.0,명지동,1.0,False,False,OK,KMEANS_K3_SEED20260911
A10027790,e편한세상화명힐스,북구,화명동,35.2341460173073,129.014088301293,LM053,북구|화명동,LEGAL_DONG,MEDIUM,1.0,1.0,0.0,18.0,1144.0,화명동,1.0,False,False,OK,KMEANS_K3_SEED20260911
A10027832,백양디이스트(1단지),북구,만덕동,35.2058687951711,129.033190025409,LM052,북구|만덕동,LEGAL_DONG,HIGH,1.0,0.0,0.0,13.0,569.0,만덕동,1.0,False,False,OK,KMEANS_K3_SEED20260911
A10027918,명지1차 금강펜테리움 센트럴파크,강서구,명지동,35.1004557357605,128.920892035046,LM001,강서구|명지동,LEGAL_DONG,HIGH,1.0,0.0,0.0,22.0,1081.0,명지동,1.0,False,False,OK,KMEANS_K3_SEED20260911
A10027937,더샵파크시티,연제구,연산동,35.1920267807262,129.095534227204,LM081,연제구|연산동,LEGAL_DONG,MEDIUM,1.0,1.0,0.0,16.0,1001.0,연산동,1.0,False,False,OK,KMEANS_K3_SEED20260911
A10027953,에일린의 뜰,강서구,명지동,35.1004557357605,128.920892035046,LM001,강서구|명지동,LEGAL_DONG,HIGH,1.0,0.0,0.0,22.0,1081.0,명지동,1.0,False,False,OK,KMEANS_K3_SEED20260911
A10027972,안락경동리인,동래구,안락동,35.1929769026661,129.10529055535,LM036,동래구|안락동,LEGAL_DONG,HIGH,1.0,0.0,0.0,6.0,263.0,안락동,1.0,False,True,LOW_SAMPLE,KMEANS_K3_SEED20260911
A10027989,신화명리버뷰자이,북구,금곡동,35.2512280459782,129.012371521078,LM050,북구|금곡동,LEGAL_DONG,HIGH,1.0,0.0,0.0,13.0,382.0,금곡동,1.0,False,False,OK,KMEANS_K3_SEED20260911
A10028028,부산센텀푸르지오,연제구,연산동,35.1835723714607,129.112504582731,LM081,연제구|연산동,LEGAL_DONG,HIGH,1.0,0.0,0.0,16.0,1001.0,연산동,1.0,False,False,OK,KMEANS_K3_SEED20260911
A10028037,해운대힐스테이트위브,해운대구,중동,35.1608372044455,129.177769874947,LM092,해운대구|중동,LEGAL_DONG,HIGH,1.0,0.0,0.0,5.0,254.0,중동,1.0,False,True,LOW_SAMPLE,KMEANS_K3_SEED20260911
A10028069,협성·DS엘리시안,강서구,지사동,35.1495640564902,128.836603021997,LM003,강서구|지사동,LEGAL_DONG,HIGH,1.0,2.0,2.0,3.0,179.0,지사동,1.0,False,True,LOW_SAMPLE,KMEANS_K3_SEED20260911
A10028081,정관이지더원3차아파트,기장군,정관읍,35.3349807510359,129.1655478736,,,,,,,,,,,,,,INSUFFICIENT_CLUSTER_FEATURES,KMEANS_K3_SEED20260911
A10028117,명지오션시티삼정그린코아,강서구,명지동,35.0863305505833,128.908179867156,LM001,강서구|명지동,LEGAL_DONG,HIGH,1.0,0.0,0.0,22.0,1081.0,명지동,1.0,False,False,OK,KMEANS_K3_SEED20260911
A10028138,동원역삼정그린코아,북구,금곡동,35.2580364464243,129.014187207907,LM050,북구|금곡동,LEGAL_DONG,HIGH,1.0,0.0,0.0,13.0,382.0,금곡동,1.0,False,False,OK,KMEANS_K3_SEED20260911
A10028142,가화만사성정관타운,기장군,정관읍방곡리,35.3270913932754,129.189292074257,LM019,기장군|정관읍방곡리,LEGAL_DONG,HIGH,1.0,2.0,2.0,1.0,21.0,정관읍방곡리,1.0,False,True,LOW_SAMPLE,KMEANS_K3_SEED20260911
A10028145,대연롯데캐슬,남구,대연동,35.1409368636008,129.099914167697,LM022,남구|대연동,LEGAL_DONG,HIGH,1.0,1.0,1.0,12.0,982.0,대연동,1.0,False,False,OK,KMEANS_K3_SEED20260911
A10028147,서면동일파크스위트1차,부산진구,부암동,35.1654650251433,129.045449993855,LM043,부산진구|부암동,LEGAL_DONG,HIGH,1.0,0.0,0.0,12.0,426.0,부암동,1.0,False,False,OK,KMEANS_K3_SEED20260911
A10028182,대신롯데캐슬,서구,서대신동3가,35.1166687298821,129.010292961723,LM073,서구|서대신동3가,LEGAL_DONG,HIGH,1.0,0.0,0.0,2.0,28.0,서대신동3가,1.0,False,True,LOW_SAMPLE,KMEANS_K3_SEED20260911
A10028191,감전엘에이치,사상구,감전동,35.1553216300757,128.994240006796,,,,,,,,,,,,,,INSUFFICIENT_CLUSTER_FEATURES,KMEANS_K3_SEED20260911
A60106001,한성기린,동구,범일동,35.1390138078844,129.056962489301,LM027,동구|범일동,LEGAL_DONG,HIGH,1.0,0.0,0.0,4.0,179.0,범일동,1.0,False,True,LOW_SAMPLE,KMEANS_K3_SEED20260911
A60106002,두산위브포세이돈2,동구,범일동,35.1362311780235,129.063459403768,LM027,동구|범일동,LEGAL_DONG,HIGH,1.0,0.0,0.0,4.0,179.0,범일동,1.0,False,True,LOW_SAMPLE,KMEANS_K3_SEED20260911
A60270501,부민e편한세상,서구,부민동3가,35.1043130996166,129.016549041957,LM070,서구|부민동3가,LEGAL_DONG,HIGH,1.0,2.0,2.0,1.0,24.0,부민동3가,1.0,False,True,LOW_SAMPLE,KMEANS_K3_SEED20260911
A60275104,남성한빛가든,서구,서대신동3가,35.1175411470475,129.011309173693,LM073,서구|서대신동3가,LEGAL_DONG,HIGH,1.0,2.0,2.0,2.0,28.0,서대신동3가,1.0,False,True,LOW_SAMPLE,KMEANS_K3_SEED20260911
A60275201,남부민풀리페,서구,남부민동,35.0825852898405,129.018370153806,,,,,,,,,,,,,,INSUFFICIENT_CLUSTER_FEATURES,KMEANS_K3_SEED20260911
A60402003,하단동에스케이뷰,사하구,하단동,35.1160911401384,128.961482750333,LM067,사하구|하단동,LEGAL_DONG,HIGH,1.0,0.0,0.0,4.0,236.0,하단동,1.0,False,True,LOW_SAMPLE,KMEANS_K3_SEED20260911
A60403002,신평럭키무지개타운,사하구,신평동,35.0930367630439,128.969835825273,LM065,사하구|신평동,LEGAL_DONG,MEDIUM,1.0,2.0,0.0,6.0,195.0,신평동,1.0,False,True,LOW_SAMPLE,KMEANS_K3_SEED20260911
A60405001,다대동롯데캐슬몰운대,사하구,다대동,35.0553797809279,128.964833086021,LM063,사하구|다대동,LEGAL_DONG,HIGH,1.0,0.0,0.0,15.0,577.0,다대동,1.0,False,False,OK,KMEANS_K3_SEED20260911
A60405002,다대롯데캐슬블루,사하구,다대동,35.0660759887624,128.982821920306,LM063,사하구|다대동,LEGAL_DONG,HIGH,1.0,0.0,0.0,15.0,577.0,다대동,1.0,False,False,OK,KMEANS_K3_SEED20260911
A60471810,당리푸르지오,사하구,당리동,35.1053590629305,128.977084698062,LM064,사하구|당리동,LEGAL_DONG,LOW,1.0,1.0,0.0,1.0,19.0,당리동,1.0,False,True,LOW_SAMPLE,KMEANS_K3_SEED20260911
A60472901,다대푸르지오,사하구,다대동,35.0612770368886,128.974556555764,LM063,사하구|다대동,LEGAL_DONG,HIGH,1.0,0.0,0.0,15.0,577.0,다대동,1.0,False,False,OK,KMEANS_K3_SEED20260911
A60474002,동원로얄듀크,사하구,장림동,35.077318017704,128.963794294477,LM066,사하구|장림동,LEGAL_DONG,MEDIUM,1.0,2.0,0.0,5.0,181.0,장림동,1.0,False,True,LOW_SAMPLE,KMEANS_K3_SEED20260911
A60474307,다대해송,사하구,다대동,35.062715611943,128.977558970913,LM063,사하구|다대동,LEGAL_DONG,HIGH,1.0,2.0,2.0,15.0,577.0,다대동,1.0,False,False,OK,KMEANS_K3_SEED20260911
A60474516,신세대지큐빌,사하구,장림동,35.0761221202712,128.981429998763,LM066,사하구|장림동,LEGAL_DONG,HIGH,1.0,2.0,2.0,5.0,181.0,장림동,1.0,False,True,LOW_SAMPLE,KMEANS_K3_SEED20260911
A60474905,한신혜성,사하구,하단동,35.1012889287059,128.971520894865,LM067,사하구|하단동,LEGAL_DONG,HIGH,1.0,2.0,2.0,4.0,236.0,하단동,1.0,False,True,LOW_SAMPLE,KMEANS_K3_SEED20260911
A60475305,신다대,사하구,다대동,35.0677788241625,128.97774328445,LM063,사하구|다대동,LEGAL_DONG,HIGH,1.0,2.0,2.0,15.0,577.0,다대동,1.0,False,False,OK,KMEANS_K3_SEED20260911
A60475309,3지구도개공아파트,사하구,다대동,35.0660282039576,128.979149742815,,,,,,,,,,,,,,INSUFFICIENT_CLUSTER_FEATURES,KMEANS_K3_SEED20260911
A60475408,국제그린,사하구,다대동,35.0660657761745,128.984454188143,LM063,사하구|다대동,LEGAL_DONG,HIGH,1.0,2.0,2.0,15.0,577.0,다대동,1.0,False,False,OK,KMEANS_K3_SEED20260911
A60475411,도개공다대4지구영구임대아파트,사하구,다대동,35.0627448302499,128.985476627903,,,,,,,,,,,,,,INSUFFICIENT_CLUSTER_FEATURES,KMEANS_K3_SEED20260911
A60475412,다송,사하구,다대동,35.0642645919934,128.985861988552,LM063,사하구|다대동,LEGAL_DONG,HIGH,1.0,2.0,2.0,15.0,577.0,다대동,1.0,False,False,OK,KMEANS_K3_SEED20260911
A60475507,대우,사하구,다대동,35.0497848213288,128.967717073323,LM063,사하구|다대동,LEGAL_DONG,MEDIUM,0.98,2.0,0.0,15.0,577.0,다대동,1.0,False,False,OK,KMEANS_K3_SEED20260911
A60475509,다대푸른,사하구,다대동,35.0516482081223,128.965077815255,LM063,사하구|다대동,LEGAL_DONG,HIGH,1.0,2.0,2.0,15.0,577.0,다대동,1.0,False,False,OK,KMEANS_K3_SEED20260911
A60475612,다대포현대,사하구,다대동,35.0614810237866,128.979312755324,LM063,사하구|다대동,LEGAL_DONG,HIGH,1.0,2.0,2.0,15.0,577.0,다대동,1.0,False,False,OK,KMEANS_K3_SEED20260911
A60475710,삼환,사하구,다대동,35.0617575665852,128.981626579868,LM063,사하구|다대동,LEGAL_DONG,HIGH,1.0,0.0,0.0,15.0,577.0,다대동,1.0,False,False,OK,KMEANS_K3_SEED20260911
A60475903,신익강변타운,사하구,신평동,35.0954286698909,128.962988469135,LM065,사하구|신평동,LEGAL_DONG,HIGH,1.0,2.0,2.0,6.0,195.0,신평동,1.0,False,True,LOW_SAMPLE,KMEANS_K3_SEED20260911
A60476101,가락타운1,사하구,하단동,35.1102986564977,128.958536370229,LM067,사하구|하단동,LEGAL_DONG,HIGH,1.0,2.0,2.0,4.0,236.0,하단동,1.0,False,True,LOW_SAMPLE,KMEANS_K3_SEED20260911
A60476206,가락타운2,사하구,하단동,35.1010731620413,128.957963941885,LM067,사하구|하단동,LEGAL_DONG,MEDIUM,1.0,2.0,0.0,4.0,236.0,하단동,1.0,False,True,LOW_SAMPLE,KMEANS_K3_SEED20260911
A60476511,자유,사하구,다대동,35.0516153734285,128.971564860205,LM063,사하구|다대동,LEGAL_DONG,HIGH,1.0,2.0,2.0,15.0,577.0,다대동,1.0,False,False,OK,KMEANS_K3_SEED20260911
A60476604,다대코오롱맨션,사하구,다대동,35.064090656245,128.98184158244,LM063,사하구|다대동,LEGAL_DONG,HIGH,1.0,2.0,2.0,15.0,577.0,다대동,1.0,False,False,OK,KMEANS_K3_SEED20260911
A60476805,현대,사하구,신평동,35.0938469892527,128.96428483733,LM065,사하구|신평동,LEGAL_DONG,HIGH,1.0,2.0,2.0,6.0,195.0,신평동,1.0,False,True,LOW_SAMPLE,KMEANS_K3_SEED20260911
A60477315,장림현대(372-4),사하구,장림동,35.0736843186045,128.97719060866,LM066,사하구|장림동,LEGAL_DONG,HIGH,1.0,2.0,2.0,5.0,181.0,장림동,1.0,False,True,LOW_SAMPLE,KMEANS_K3_SEED20260911
A60480608,부영벽산파라빌,사하구,감천동,35.0942185295071,128.995549749053,LM060,사하구|감천동,LEGAL_DONG,HIGH,1.0,2.0,2.0,1.0,20.0,감천동,1.0,False,True,LOW_SAMPLE,KMEANS_K3_SEED20260911
A60481703,구평1차자유,사하구,구평동,35.0873937987817,128.984785017684,LM062,사하구|구평동,LEGAL_DONG,HIGH,1.0,2.0,2.0,3.0,118.0,구평동,1.0,False,True,LOW_SAMPLE,KMEANS_K3_SEED20260911
A60482013,몰운대,사하구,다대동,35.0516293768853,128.966106194759,LM063,사하구|다대동,LEGAL_DONG,MEDIUM,1.0,2.0,0.0,15.0,577.0,다대동,1.0,False,False,OK,KMEANS_K3_SEED20260911
A60482708,성원,사하구,다대동,35.0484867653077,128.968198791232,LM063,사하구|다대동,LEGAL_DONG,HIGH,1.0,0.0,0.0,15.0,577.0,다대동,1.0,False,False,OK,KMEANS_K3_SEED20260911
A60482712,5지구몰운대영구임대아파트,사하구,다대동,35.0505743297498,128.962975379083,,,,,,,,,,,,,,INSUFFICIENT_CLUSTER_FEATURES,KMEANS_K3_SEED20260911
A60483404,한신,사하구,신평동,35.0970527267283,128.965872629359,LM065,사하구|신평동,LEGAL_DONG,HIGH,1.0,2.0,2.0,6.0,195.0,신평동,1.0,False,True,LOW_SAMPLE,KMEANS_K3_SEED20260911
A60484514,협성르네상스,사하구,장림동,35.0747830165752,128.971459508778,LM066,사하구|장림동,LEGAL_DONG,HIGH,1.0,2.0,2.0,5.0,181.0,장림동,1.0,False,True,LOW_SAMPLE,KMEANS_K3_SEED20260911
A60607003,신영도롯데낙천대,영도구,청학동,35.088132811256,129.061865406657,LM086,영도구|청학동,LEGAL_DONG,MEDIUM,1.0,2.0,0.0,2.0,29.0,청학동,1.0,False,True,LOW_SAMPLE,KMEANS_K3_SEED20260911
A60607004,영도신도브래뉴,영도구,청학동,35.0980056587134,129.05634985643,LM086,영도구|청학동,LEGAL_DONG,HIGH,1.0,0.0,0.0,2.0,29.0,청학동,1.0,False,True,LOW_SAMPLE,KMEANS_K3_SEED20260911
A60608002,조양비취맨션,영도구,동삼동,35.0709375752394,129.070767885546,LM082,영도구|동삼동,LEGAL_DONG,HIGH,1.0,2.0,2.0,7.0,234.0,동삼동,1.0,False,True,LOW_SAMPLE,KMEANS_K3_SEED20260911
A60608303,동삼그린힐,영도구,동삼동,35.0856395176363,129.069877449987,LM082,영도구|동삼동,LEGAL_DONG,HIGH,1.0,2.0,2.0,7.0,234.0,동삼동,1.0,False,True,LOW_SAMPLE,KMEANS_K3_SEED20260911
A60670101,도시공사동삼2지구영구임대아파트,영도구,동삼동,35.075969856606,129.064371351396,,,,,,,,,,,,,,INSUFFICIENT_CLUSTER_FEATURES,KMEANS_K3_SEED20260911
A60675110,함지그린,영도구,동삼동,35.0712895362543,129.061998563801,LM082,영도구|동삼동,LEGAL_DONG,HIGH,1.0,2.0,2.0,7.0,234.0,동삼동,1.0,False,True,LOW_SAMPLE,KMEANS_K3_SEED20260911
A60675801,미광마린타워,영도구,봉래동2가,35.0945736176092,129.043307273236,LM083,영도구|봉래동2가,LEGAL_DONG,MEDIUM,1.0,2.0,0.0,1.0,9.0,봉래동2가,1.0,False,True,LOW_SAMPLE,KMEANS_K3_SEED20260911
A60676104,부산동삼1,영도구,동삼동,35.0827747930031,129.066771719936,,,,,,,,,,,,,,INSUFFICIENT_CLUSTER_FEATURES,KMEANS_K3_SEED20260911
A60676205,부산동삼2주공,영도구,동삼동,35.0856395176363,129.069877449987,,,,,,,,,,,,,,INSUFFICIENT_CLUSTER_FEATURES,KMEANS_K3_SEED20260911
A60680909,국제마마뉴비치타운,영도구,동삼동,35.0724791628311,129.069240000023,LM082,영도구|동삼동,LEGAL_DONG,HIGH,1.0,0.0,0.0,7.0,234.0,동삼동,1.0,False,True,LOW_SAMPLE,KMEANS_K3_SEED20260911
A60680912,절영아파트(215동-217동),영도구,동삼동,35.0767270675141,129.067752734813,LM082,영도구|동삼동,LEGAL_DONG,HIGH,1.0,2.0,2.0,7.0,234.0,동삼동,1.0,False,True,LOW_SAMPLE,KMEANS_K3_SEED20260911
A60681702,반도보라,영도구,영선동4가,35.0824525021607,129.040431961441,LM085,영도구|영선동4가,LEGAL_DONG,HIGH,1.0,0.0,0.0,1.0,19.0,영선동4가,1.0,False,True,LOW_SAMPLE,KMEANS_K3_SEED20260911
A60701003,동래센트럴파크하이츠2차,동래구,명륜동,35.2110693558213,129.086645725455,LM032,동래구|명륜동,LEGAL_DONG,MEDIUM,1.0,1.0,0.0,5.0,306.0,명륜동,1.0,False,True,LOW_SAMPLE,KMEANS_K3_SEED20260911
A60701004,명륜아이파크1단지,동래구,명륜동,35.2099506283549,129.082954713533,LM032,동래구|명륜동,LEGAL_DONG,HIGH,1.0,1.0,1.0,5.0,306.0,명륜동,1.0,False,True,LOW_SAMPLE,KMEANS_K3_SEED20260911
A60702002,우성베스토피아,동래구,복천동,35.205826507023,129.087317319323,LM034,동래구|복천동,LEGAL_DONG,HIGH,1.0,0.0,0.0,1.0,20.0,복천동,1.0,False,True,LOW_SAMPLE,KMEANS_K3_SEED20260911
A60710004,안락뜨란채2단지,동래구,안락동,35.1927417818779,129.110161293431,LM036,동래구|안락동,LEGAL_DONG,HIGH,1.0,0.0,0.0,6.0,263.0,안락동,1.0,False,True,LOW_SAMPLE,KMEANS_K3_SEED20260911
A60712001,사직2차삼정그린코아,동래구,사직동,35.2030857318743,129.054537240962,LM035,동래구|사직동,LEGAL_DONG,HIGH,1.0,0.0,0.0,9.0,540.0,사직동,1.0,False,False,OK,KMEANS_K3_SEED20260911
A60712204,한신,동래구,사직동,35.2015828613283,129.053592626104,LM035,동래구|사직동,LEGAL_DONG,HIGH,1.0,2.0,2.0,9.0,540.0,사직동,1.0,False,False,OK,KMEANS_K3_SEED20260911
A60775306,동래럭키,동래구,온천동,35.2098418293523,129.074414771081,LM037,동래구|온천동,LEGAL_DONG,HIGH,1.0,1.0,1.0,9.0,647.0,온천동,1.0,False,False,OK,KMEANS_K3_SEED20260911
A60775407,동원로얄듀크,동래구,낙민동,35.1929250056465,129.097170579909,LM031,동래구|낙민동,LEGAL_DONG,MEDIUM,1.0,0.0,1.0,6.0,143.0,낙민동,1.0,False,True,LOW_SAMPLE,KMEANS_K3_SEED20260911
A60775605,동래우성,동래구,낙민동,35.1949681839736,129.093401358964,LM031,동래구|낙민동,LEGAL_DONG,HIGH,1.0,0.0,0.0,6.0,143.0,낙민동,1.0,False,True,LOW_SAMPLE,KMEANS_K3_SEED20260911
A60776006,한양,동래구,낙민동,35.1984482125389,129.091672765039,LM031,동래구|낙민동,LEGAL_DONG,MEDIUM,0.97,2.0,0.0,6.0,143.0,낙민동,1.0,False,True,LOW_SAMPLE,KMEANS_K3_SEED20260911
A60776402,사직2차쌍용예가,동래구,사직동,35.1988241040139,129.056668295591,LM035,동래구|사직동,LEGAL_DONG,HIGH,1.0,1.0,1.0,9.0,540.0,사직동,1.0,False,False,OK,KMEANS_K3_SEED20260911
A60777205,안락SKVIEW,동래구,안락동,35.1948135944524,129.111846754195,LM036,동래구|안락동,LEGAL_DONG,HIGH,1.0,0.0,0.0,6.0,263.0,안락동,1.0,False,True,LOW_SAMPLE,KMEANS_K3_SEED20260911
A60777206,부산안락4휴먼시아,동래구,안락동,35.1990120230414,129.108099724537,,,,,,,,,,,,,,INSUFFICIENT_CLUSTER_FEATURES,KMEANS_K3_SEED20260911
A60777604,안락현대,동래구,안락동,35.2005767533328,129.11375378447,LM036,동래구|안락동,LEGAL_DONG,HIGH,1.0,0.0,0.0,6.0,263.0,안락동,1.0,False,True,LOW_SAMPLE,KMEANS_K3_SEED20260911
A60778502,강변뜨란채,동래구,안락동,35.195538188241,129.102446944314,LM036,동래구|안락동,LEGAL_DONG,HIGH,1.0,1.0,1.0,6.0,263.0,안락동,1.0,False,True,LOW_SAMPLE,KMEANS_K3_SEED20260911
A60778608,사직쌍용예가,동래구,사직동,35.1965420197669,129.057521614564,LM035,동래구|사직동,LEGAL_DONG,HIGH,1.0,1.0,1.0,9.0,540.0,사직동,1.0,False,False,OK,KMEANS_K3_SEED20260911
A60780104,중앙하이츠2,동래구,낙민동,35.1942207793998,129.095775567402,LM031,동래구|낙민동,LEGAL_DONG,MEDIUM,1.0,0.0,1.0,6.0,143.0,낙민동,1.0,False,True,LOW_SAMPLE,KMEANS_K3_SEED20260911
A60780108,한일유앤아이,동래구,낙민동,35.1957851549524,129.092865300179,LM031,동래구|낙민동,LEGAL_DONG,HIGH,1.0,0.0,0.0,6.0,143.0,낙민동,1.0,False,True,LOW_SAMPLE,KMEANS_K3_SEED20260911
A60782005,삼정그린코아,동래구,사직동,35.1973800328824,129.053152177356,LM035,동래구|사직동,LEGAL_DONG,HIGH,1.0,0.0,0.0,9.0,540.0,사직동,1.0,False,False,OK,KMEANS_K3_SEED20260911
A60782701,화목,동래구,안락동,35.2028961368731,129.096894952043,LM036,동래구|안락동,LEGAL_DONG,HIGH,1.0,2.0,2.0,6.0,263.0,안락동,1.0,False,True,LOW_SAMPLE,KMEANS_K3_SEED20260911
A60783306,벽산아스타,동래구,온천동,35.2174793929872,129.082440819139,LM037,동래구|온천동,LEGAL_DONG,HIGH,1.0,0.0,0.0,9.0,647.0,온천동,1.0,False,False,OK,KMEANS_K3_SEED20260911
A60784207,반도보라스카이뷰,동래구,온천동,35.2039561227134,129.069034526705,LM037,동래구|온천동,LEGAL_DONG,HIGH,1.0,1.0,1.0,9.0,647.0,온천동,1.0,False,False,OK,KMEANS_K3_SEED20260911
A60802001,대연힐스테이트푸르지오,남구,대연동,35.1398875289479,129.103520204194,LM022,남구|대연동,LEGAL_DONG,HIGH,1.0,1.0,1.0,12.0,982.0,대연동,1.0,False,False,OK,KMEANS_K3_SEED20260911
A60804003,삼성,남구,문현동,35.1384099080591,129.069055005484,LM023,남구|문현동,LEGAL_DONG,HIGH,1.0,0.0,0.0,7.0,329.0,문현동,1.0,False,True,LOW_SAMPLE,KMEANS_K3_SEED20260911
A60809002,GS하이츠자이,남구,용호동,35.1326695529587,129.10968594313,LM025,남구|용호동,LEGAL_DONG,MEDIUM,1.0,1.0,0.0,9.0,715.0,용호동,1.0,False,False,OK,KMEANS_K3_SEED20260911
A60809003,오륙도에스케이뷰,남구,용호동,35.1021956998737,129.116762696896,LM025,남구|용호동,LEGAL_DONG,HIGH,1.0,0.0,0.0,9.0,715.0,용호동,1.0,False,False,OK,KMEANS_K3_SEED20260911
A60809004,엘지메트로시티4-2(230~238),남구,용호동,35.1272669147748,129.109040555258,LM025,남구|용호동,LEGAL_DONG,HIGH,1.0,0.0,0.0,9.0,715.0,용호동,1.0,False,False,OK,KMEANS_K3_SEED20260911
A60871104,현대아이파크,남구,용당동,35.1188530196986,129.099496778368,LM024,남구|용당동,LEGAL_DONG,HIGH,1.0,0.0,0.0,2.0,39.0,용당동,1.0,False,True,LOW_SAMPLE,KMEANS_K3_SEED20260911
A60872101,시티프라자,남구,문현동,35.1362909579584,129.070460615253,LM023,남구|문현동,LEGAL_DONG,HIGH,1.0,2.0,2.0,7.0,329.0,문현동,1.0,False,True,LOW_SAMPLE,KMEANS_K3_SEED20260911
A60874408,부산대연동푸르지오,남구,대연동,35.1387844865167,129.101979990195,LM022,남구|대연동,LEGAL_DONG,LOW,0.52,1.0,0.0,12.0,982.0,대연동,1.0,False,False,LOW_ASSIGNMENT_STABILITY,KMEANS_K3_SEED20260911
A60875305,감만현대1차,남구,감만동,35.1116284133821,129.08278722916,LM021,남구|감만동,LEGAL_DONG,HIGH,1.0,2.0,2.0,2.0,31.0,감만동,1.0,False,True,LOW_SAMPLE,KMEANS_K3_SEED20260911
A60875509,대우그린1,남구,대연동,35.1510940817367,129.089006435989,LM022,남구|대연동,LEGAL_DONG,HIGH,1.0,2.0,2.0,12.0,982.0,대연동,1.0,False,False,OK,KMEANS_K3_SEED20260911
A60876301,일신프리빌리지,남구,용호동,35.1264844347542,129.107746359289,LM025,남구|용호동,LEGAL_DONG,HIGH,1.0,0.0,0.0,9.0,715.0,용호동,1.0,False,False,OK,KMEANS_K3_SEED20260911
A60876402,현대비치,남구,용호동,35.12695487974,129.108422424688,LM025,남구|용호동,LEGAL_DONG,MEDIUM,1.0,0.0,1.0,9.0,715.0,용호동,1.0,False,False,OK,KMEANS_K3_SEED20260911
A60877107,일신보라,남구,우암동,35.1260946044388,129.078925306101,LM026,남구|우암동,LEGAL_DONG,HIGH,1.0,2.0,2.0,1.0,17.0,우암동,1.0,False,True,LOW_SAMPLE,KMEANS_K3_SEED20260911
A60877710,삼익그린,남구,대연동,35.15170299638,129.087291918993,LM022,남구|대연동,LEGAL_DONG,HIGH,1.0,2.0,2.0,12.0,982.0,대연동,1.0,False,False,OK,KMEANS_K3_SEED20260911
A60877907,청구,남구,대연동,35.1539709060503,129.089598447813,LM022,남구|대연동,LEGAL_DONG,HIGH,0.94,2.0,2.0,12.0,982.0,대연동,1.0,False,False,OK,KMEANS_K3_SEED20260911
A60879704,현대,남구,문현동,35.144451503065,129.079619953916,LM023,남구|문현동,LEGAL_DONG,HIGH,1.0,0.0,0.0,7.0,329.0,문현동,1.0,False,True,LOW_SAMPLE,KMEANS_K3_SEED20260911
A60880104,동일스위트,남구,감만동,35.1191533416803,129.083251696487,LM021,남구|감만동,LEGAL_DONG,HIGH,1.0,2.0,2.0,2.0,31.0,감만동,1.0,False,True,LOW_SAMPLE,KMEANS_K3_SEED20260911
A60883003,신대연코오롱하늘채,남구,용당동,35.1224968312942,129.093613634617,LM024,남구|용당동,LEGAL_DONG,HIGH,1.0,0.0,0.0,2.0,39.0,용당동,1.0,False,True,LOW_SAMPLE,KMEANS_K3_SEED20260911
A60883203,용호동일신님(林)Ⅱ,남구,용호동,35.1262774834291,129.106655784244,LM025,남구|용호동,LEGAL_DONG,HIGH,1.0,0.0,0.0,9.0,715.0,용호동,1.0,False,False,OK,KMEANS_K3_SEED20260911
A60931004,구서동쌍용예가2단지,금정구,구서동,35.2456239111014,129.085885688406,LM005,금정구|구서동,LEGAL_DONG,HIGH,1.0,0.0,0.0,7.0,250.0,구서동,1.0,False,True,LOW_SAMPLE,KMEANS_K3_SEED20260911
A60931207,구서동롯데캐슬골드2단지(1049),금정구,구서동,35.2527047089381,129.086499427303,LM005,금정구|구서동,LEGAL_DONG,HIGH,1.0,0.0,0.0,7.0,250.0,구서동,1.0,False,True,LOW_SAMPLE,KMEANS_K3_SEED20260911
A60932003,부곡동푸르지오,금정구,부곡동,35.2297455147788,129.090585521926,LM006,금정구|부곡동,LEGAL_DONG,HIGH,1.0,0.0,0.0,8.0,282.0,부곡동,1.0,False,True,LOW_SAMPLE,KMEANS_K3_SEED20260911
A60939002,장전동금정산SKVIEW,금정구,장전동,35.2274003225827,129.079328508594,LM007,금정구|장전동,LEGAL_DONG,HIGH,1.0,0.0,0.0,5.0,363.0,장전동,1.0,False,True,LOW_SAMPLE,KMEANS_K3_SEED20260911
A60939003,벽산블루밍장전디자인시티2단지,금정구,장전동,35.2302722053997,129.081911479919,LM007,금정구|장전동,LEGAL_DONG,HIGH,1.0,0.0,0.0,5.0,363.0,장전동,1.0,False,True,LOW_SAMPLE,KMEANS_K3_SEED20260911
A60939004,금정산쌍용예가,금정구,장전동,35.2426610490447,129.083902999243,LM007,금정구|장전동,LEGAL_DONG,HIGH,1.0,0.0,0.0,5.0,363.0,장전동,1.0,False,True,LOW_SAMPLE,KMEANS_K3_SEED20260911
A60939005,금정산2차쌍용예가,금정구,장전동,35.2404710497924,129.084218763949,LM007,금정구|장전동,LEGAL_DONG,HIGH,1.0,0.0,0.0,5.0,363.0,장전동,1.0,False,True,LOW_SAMPLE,KMEANS_K3_SEED20260911
A60970301,대우,금정구,부곡동,35.2330659140749,129.08997847798,LM006,금정구|부곡동,LEGAL_DONG,HIGH,1.0,0.0,0.0,8.0,282.0,부곡동,1.0,False,True,LOW_SAMPLE,KMEANS_K3_SEED20260911
A60971101,구서동롯데캐슬골드1단지(1051),금정구,구서동,35.2506948293087,129.088194708041,LM005,금정구|구서동,LEGAL_DONG,HIGH,1.0,0.0,0.0,7.0,250.0,구서동,1.0,False,True,LOW_SAMPLE,KMEANS_K3_SEED20260911
A60975204,선경1,금정구,구서동,35.2560057821536,129.088358330187,LM005,금정구|구서동,LEGAL_DONG,HIGH,1.0,2.0,2.0,7.0,250.0,구서동,1.0,False,True,LOW_SAMPLE,KMEANS_K3_SEED20260911
A60975303,경남한신,금정구,부곡동,35.236865898024,129.089689808643,LM006,금정구|부곡동,LEGAL_DONG,HIGH,1.0,0.0,0.0,8.0,282.0,부곡동,1.0,False,True,LOW_SAMPLE,KMEANS_K3_SEED20260911
A60975404,뉴그린1,금정구,부곡동,35.2192288383225,129.095613916107,LM006,금정구|부곡동,LEGAL_DONG,HIGH,1.0,2.0,2.0,8.0,282.0,부곡동,1.0,False,True,LOW_SAMPLE,KMEANS_K3_SEED20260911
A60975502,에스케이아파트,금정구,부곡동,35.2405697424458,129.09239314258,LM006,금정구|부곡동,LEGAL_DONG,HIGH,1.0,0.0,0.0,8.0,282.0,부곡동,1.0,False,True,LOW_SAMPLE,KMEANS_K3_SEED20260911
A60976105,선경3,금정구,구서동,35.2623826042217,129.084693110615,LM005,금정구|구서동,LEGAL_DONG,HIGH,1.0,2.0,2.0,7.0,250.0,구서동,1.0,False,True,LOW_SAMPLE,KMEANS_K3_SEED20260911
A60976501,부곡시영,금정구,부곡동,35.2229201910639,129.098204553398,,,,,,,,,,,,,,INSUFFICIENT_CLUSTER_FEATURES,KMEANS_K3_SEED20260911
A60976502,부곡늘푸른아파트,금정구,부곡동,35.2229201910639,129.098204553398,LM006,금정구|부곡동,LEGAL_DONG,HIGH,1.0,2.0,2.0,8.0,282.0,부곡동,1.0,False,True,LOW_SAMPLE,KMEANS_K3_SEED20260911
A60976902,경동,금정구,청룡동,35.2810265578512,129.086190756635,LM008,금정구|청룡동,LEGAL_DONG,HIGH,1.0,2.0,2.0,1.0,14.0,청룡동,1.0,False,True,LOW_SAMPLE,KMEANS_K3_SEED20260911
A60980506,구서우성,금정구,구서동,35.2563661777052,129.085029295376,LM005,금정구|구서동,LEGAL_DONG,HIGH,1.0,2.0,2.0,7.0,250.0,구서동,1.0,False,True,LOW_SAMPLE,KMEANS_K3_SEED20260911
A60982103,우신뉴타운,금정구,부곡동,35.2340611704664,129.090096714769,LM006,금정구|부곡동,LEGAL_DONG,MEDIUM,0.83,2.0,2.0,8.0,282.0,부곡동,1.0,False,True,LOW_SAMPLE,KMEANS_K3_SEED20260911
A61175110,주공,연제구,연산동,35.1785179574933,129.111055676864,LM081,연제구|연산동,LEGAL_DONG,HIGH,1.0,2.0,2.0,16.0,1001.0,연산동,1.0,False,False,OK,KMEANS_K3_SEED20260911
A61175209,한양(1차),연제구,연산동,35.1907586181256,129.100628084087,LM081,연제구|연산동,LEGAL_DONG,HIGH,1.0,0.0,0.0,16.0,1001.0,연산동,1.0,False,False,OK,KMEANS_K3_SEED20260911
A61175804,현대,연제구,거제동,35.1844844030634,129.072701135557,LM080,연제구|거제동,LEGAL_DONG,HIGH,1.0,0.0,0.0,9.0,774.0,거제동,1.0,False,False,OK,KMEANS_K3_SEED20260911
A61175901,연산자이,연제구,연산동,35.1879047554378,129.089788256589,LM081,연제구|연산동,LEGAL_DONG,HIGH,1.0,1.0,1.0,16.0,1001.0,연산동,1.0,False,False,OK,KMEANS_K3_SEED20260911
A61176308,선경,연제구,연산동,35.1774031788907,129.109088890896,LM081,연제구|연산동,LEGAL_DONG,HIGH,1.0,0.0,0.0,16.0,1001.0,연산동,1.0,False,False,OK,KMEANS_K3_SEED20260911
A61176411,연산엘지,연제구,연산동,35.1840862910393,129.104619783871,LM081,연제구|연산동,LEGAL_DONG,HIGH,1.0,0.0,0.0,16.0,1001.0,연산동,1.0,False,False,OK,KMEANS_K3_SEED20260911
A61176513,거제1차현대홈타운,연제구,거제동,35.1924298960748,129.071121435861,LM080,연제구|거제동,LEGAL_DONG,HIGH,1.0,1.0,1.0,9.0,774.0,거제동,1.0,False,False,OK,KMEANS_K3_SEED20260911
A61176612,거제2차현대홈타운,연제구,거제동,35.1925483818455,129.068128525269,LM080,연제구|거제동,LEGAL_DONG,HIGH,1.0,1.0,1.0,9.0,774.0,거제동,1.0,False,False,OK,KMEANS_K3_SEED20260911
A61176709,쌍용,연제구,거제동,35.1937185677886,129.068928069495,LM080,연제구|거제동,LEGAL_DONG,MEDIUM,1.0,1.0,0.0,9.0,774.0,거제동,1.0,False,False,OK,KMEANS_K3_SEED20260911
A61176911,거제동롯데캐슬,연제구,거제동,35.1933809649385,129.084588086837,LM080,연제구|거제동,LEGAL_DONG,HIGH,1.0,0.0,0.0,9.0,774.0,거제동,1.0,False,False,OK,KMEANS_K3_SEED20260911
A61177214,거제동월드메르디앙,연제구,거제동,35.1923989429261,129.082988250779,LM080,연제구|거제동,LEGAL_DONG,HIGH,1.0,0.0,0.0,9.0,774.0,거제동,1.0,False,False,OK,KMEANS_K3_SEED20260911
A61180503,유림아시아드,연제구,거제동,35.1766936259166,129.067056005977,LM080,연제구|거제동,LEGAL_DONG,HIGH,1.0,0.0,0.0,9.0,774.0,거제동,1.0,False,False,OK,KMEANS_K3_SEED20260911
A61201007,롯데캐슬마린,해운대구,중동,35.1659344817068,129.165077056801,LM092,해운대구|중동,LEGAL_DONG,MEDIUM,1.0,1.0,0.0,5.0,254.0,중동,1.0,False,True,LOW_SAMPLE,KMEANS_K3_SEED20260911
A61202004,대우트럼프월드센텀,해운대구,우동,35.1698704966296,129.132455662366,LM089,해운대구|우동,LEGAL_DONG,HIGH,1.0,0.0,0.0,19.0,766.0,우동,1.0,False,False,OK,KMEANS_K3_SEED20260911
A61202007,해운대두산위브더제니스,해운대구,우동,35.1572036560166,129.144817207267,LM089,해운대구|우동,LEGAL_DONG,MEDIUM,1.0,1.0,0.0,19.0,766.0,우동,1.0,False,False,OK,KMEANS_K3_SEED20260911
A61202008,쌍용예가,남구,용호동,35.1127684985524,129.109271458577,LM025,남구|용호동,LEGAL_DONG,HIGH,1.0,0.0,0.0,9.0,715.0,용호동,1.0,False,False,OK,KMEANS_K3_SEED20260911
A61202009,해운대자이1단지,해운대구,우동,35.1649470018111,129.14296529945,LM089,해운대구|우동,LEGAL_DONG,HIGH,1.0,1.0,1.0,19.0,766.0,우동,1.0,False,False,OK,KMEANS_K3_SEED20260911
A61202011,센텀두산위브,해운대구,우동,35.1747772240517,129.140586355823,LM089,해운대구|우동,LEGAL_DONG,MEDIUM,1.0,1.0,0.0,19.0,766.0,우동,1.0,False,False,OK,KMEANS_K3_SEED20260911
A61203012,영남,해운대구,좌동,35.1680799575736,129.183087303976,LM091,해운대구|좌동,LEGAL_DONG,HIGH,1.0,1.0,1.0,28.0,1147.0,좌동,1.0,False,False,OK,KMEANS_K3_SEED20260911
A61203013,두산2,해운대구,좌동,35.1690929310781,129.179950952506,LM091,해운대구|좌동,LEGAL_DONG,HIGH,1.0,1.0,1.0,28.0,1147.0,좌동,1.0,False,False,OK,KMEANS_K3_SEED20260911
A61203014,경남,해운대구,좌동,35.1773532230785,129.166883113235,LM091,해운대구|좌동,LEGAL_DONG,HIGH,1.0,1.0,1.0,28.0,1147.0,좌동,1.0,False,False,OK,KMEANS_K3_SEED20260911
A61203015,한일,해운대구,좌동,35.1725806206666,129.171283942742,LM091,해운대구|좌동,LEGAL_DONG,MEDIUM,1.0,0.0,1.0,28.0,1147.0,좌동,1.0,False,False,OK,KMEANS_K3_SEED20260911
A61203016,동신,해운대구,좌동,35.177503729391,129.179007579303,LM091,해운대구|좌동,LEGAL_DONG,HIGH,1.0,1.0,1.0,28.0,1147.0,좌동,1.0,False,False,OK,KMEANS_K3_SEED20260911
A61203017,동부,해운대구,좌동,35.1781816864775,129.178750414799,LM091,해운대구|좌동,LEGAL_DONG,HIGH,1.0,1.0,1.0,28.0,1147.0,좌동,1.0,False,False,OK,KMEANS_K3_SEED20260911
A61203018,대림2,해운대구,좌동,35.1748121460862,129.172437294306,LM091,해운대구|좌동,LEGAL_DONG,HIGH,1.0,1.0,1.0,28.0,1147.0,좌동,1.0,False,False,OK,KMEANS_K3_SEED20260911
A61203019,삼성,해운대구,좌동,35.1790705362313,129.177334583601,LM091,해운대구|좌동,LEGAL_DONG,HIGH,1.0,1.0,1.0,28.0,1147.0,좌동,1.0,False,False,OK,KMEANS_K3_SEED20260911
A61203020,건영1,해운대구,좌동,35.1786002826625,129.179425280502,LM091,해운대구|좌동,LEGAL_DONG,HIGH,1.0,1.0,1.0,28.0,1147.0,좌동,1.0,False,False,OK,KMEANS_K3_SEED20260911
A61203021,해운대 센트럴파크,해운대구,좌동,35.1757077373221,129.170676568788,LM091,해운대구|좌동,LEGAL_DONG,HIGH,1.0,0.0,0.0,28.0,1147.0,좌동,1.0,False,False,OK,KMEANS_K3_SEED20260911
A61203022,롯데3차,해운대구,좌동,35.1766687940571,129.177361495622,LM091,해운대구|좌동,LEGAL_DONG,HIGH,1.0,1.0,1.0,28.0,1147.0,좌동,1.0,False,False,OK,KMEANS_K3_SEED20260911
A61203023,롯데4,해운대구,좌동,35.1756278882584,129.181136503358,LM091,해운대구|좌동,LEGAL_DONG,MEDIUM,1.0,0.0,1.0,28.0,1147.0,좌동,1.0,False,False,OK,KMEANS_K3_SEED20260911
A61203024,대우,해운대구,좌동,35.1673954673428,129.179439891781,LM091,해운대구|좌동,LEGAL_DONG,HIGH,1.0,1.0,1.0,28.0,1147.0,좌동,1.0,False,False,OK,KMEANS_K3_SEED20260911
A61203025,벽산1,해운대구,좌동,35.1705390635997,129.180432057658,LM091,해운대구|좌동,LEGAL_DONG,HIGH,1.0,1.0,1.0,28.0,1147.0,좌동,1.0,False,False,OK,KMEANS_K3_SEED20260911
A61203026,화목,해운대구,좌동,35.1714902510447,129.179338824519,LM091,해운대구|좌동,LEGAL_DONG,HIGH,1.0,1.0,1.0,28.0,1147.0,좌동,1.0,False,False,OK,KMEANS_K3_SEED20260911
A61203027,LH뜨란채아파트,해운대구,좌동,35.1738305131974,129.168251016353,LM091,해운대구|좌동,LEGAL_DONG,HIGH,1.0,1.0,1.0,28.0,1147.0,좌동,1.0,False,False,OK,KMEANS_K3_SEED20260911
A61203028,코오롱,해운대구,좌동,35.1700062943164,129.168138360044,LM091,해운대구|좌동,LEGAL_DONG,HIGH,1.0,1.0,1.0,28.0,1147.0,좌동,1.0,False,False,OK,KMEANS_K3_SEED20260911
A61203029,건영2,해운대구,좌동,35.1756250422471,129.176858428194,LM091,해운대구|좌동,LEGAL_DONG,HIGH,1.0,1.0,1.0,28.0,1147.0,좌동,1.0,False,False,OK,KMEANS_K3_SEED20260911
A61203031,상록,해운대구,좌동,35.1653958910219,129.179717596926,LM091,해운대구|좌동,LEGAL_DONG,HIGH,1.0,0.0,0.0,28.0,1147.0,좌동,1.0,False,False,OK,KMEANS_K3_SEED20260911
A61203032,대우2,해운대구,좌동,35.1724530764883,129.183227515649,LM091,해운대구|좌동,LEGAL_DONG,HIGH,1.0,1.0,1.0,28.0,1147.0,좌동,1.0,False,False,OK,KMEANS_K3_SEED20260911
A61203033,벽산2,해운대구,좌동,35.169571011314,129.185048776441,LM091,해운대구|좌동,LEGAL_DONG,HIGH,1.0,0.0,0.0,28.0,1147.0,좌동,1.0,False,False,OK,KMEANS_K3_SEED20260911
A61203034,대동타운,해운대구,좌동,35.1765713115698,129.17149491438,LM091,해운대구|좌동,LEGAL_DONG,HIGH,1.0,1.0,1.0,28.0,1147.0,좌동,1.0,False,False,OK,KMEANS_K3_SEED20260911
A61203035,경남선경,해운대구,좌동,35.1665220867177,129.18642275724,LM091,해운대구|좌동,LEGAL_DONG,HIGH,1.0,0.0,0.0,28.0,1147.0,좌동,1.0,False,False,OK,KMEANS_K3_SEED20260911
A61203036,두산1차아파트,해운대구,좌동,35.1787081580615,129.169943078852,LM091,해운대구|좌동,LEGAL_DONG,HIGH,1.0,1.0,1.0,28.0,1147.0,좌동,1.0,False,False,OK,KMEANS_K3_SEED20260911
A61203037,대림,해운대구,좌동,35.1793143508119,129.174046968666,LM091,해운대구|좌동,LEGAL_DONG,HIGH,1.0,1.0,1.0,28.0,1147.0,좌동,1.0,False,False,OK,KMEANS_K3_SEED20260911
A61203038,SKVIEW,해운대구,좌동,35.1651320342948,129.183384115577,LM091,해운대구|좌동,LEGAL_DONG,MEDIUM,1.0,0.0,1.0,28.0,1147.0,좌동,1.0,False,False,OK,KMEANS_K3_SEED20260911
A61203039,엘지,해운대구,좌동,35.1806671446303,129.173865905375,LM091,해운대구|좌동,LEGAL_DONG,HIGH,1.0,1.0,1.0,28.0,1147.0,좌동,1.0,False,False,OK,KMEANS_K3_SEED20260911
A61204001,송정1단지주공아파트,해운대구,송정동,35.1833811765998,129.197981278833,,,,,,,,,,,,,,INSUFFICIENT_CLUSTER_FEATURES,KMEANS_K3_SEED20260911
A61204002,부산송정2휴먼시아,해운대구,송정동,35.1924127653793,129.206015784853,,,,,,,,,,,,,,INSUFFICIENT_CLUSTER_FEATURES,KMEANS_K3_SEED20260911
A61205002,센텀동부센트레빌,해운대구,재송동,35.183765939939,129.1243696844,LM090,해운대구|재송동,LEGAL_DONG,HIGH,1.0,0.0,0.0,11.0,498.0,재송동,1.0,False,False,OK,KMEANS_K3_SEED20260911
A61205003,더샵센텀스타,해운대구,재송동,35.1773956856851,129.124998931426,LM090,해운대구|재송동,LEGAL_DONG,MEDIUM,1.0,1.0,0.0,11.0,498.0,재송동,1.0,False,False,OK,KMEANS_K3_SEED20260911
A61206110,센텀롯데캐슬3차아파트,해운대구,반여동,35.1993678928106,129.121211096777,LM088,해운대구|반여동,LEGAL_DONG,HIGH,1.0,0.0,0.0,12.0,532.0,반여동,1.0,False,False,OK,KMEANS_K3_SEED20260911
A61206113,우방신세계타운,해운대구,반여동,35.2028494448124,129.116151764366,LM088,해운대구|반여동,LEGAL_DONG,HIGH,1.0,0.0,0.0,12.0,532.0,반여동,1.0,False,False,OK,KMEANS_K3_SEED20260911
A61206114,센텀롯데캐슬2차,해운대구,반여동,35.1974725711421,129.124845431852,LM088,해운대구|반여동,LEGAL_DONG,HIGH,1.0,0.0,0.0,12.0,532.0,반여동,1.0,False,False,OK,KMEANS_K3_SEED20260911
A61206118,메가센텀한화꿈에그린,해운대구,반여동,35.198078585653,129.122082174336,LM088,해운대구|반여동,LEGAL_DONG,HIGH,1.0,0.0,0.0,12.0,532.0,반여동,1.0,False,False,OK,KMEANS_K3_SEED20260911
A61270515,센텀롯데캐슬아파트,해운대구,반여동,35.2048510083995,129.123877307552,LM088,해운대구|반여동,LEGAL_DONG,HIGH,1.0,0.0,0.0,12.0,532.0,반여동,1.0,False,False,OK,KMEANS_K3_SEED20260911
A61271101,센텀삼환Nauville,해운대구,우동,35.1724804660659,129.138756330029,LM089,해운대구|우동,LEGAL_DONG,HIGH,1.0,1.0,1.0,19.0,766.0,우동,1.0,False,False,OK,KMEANS_K3_SEED20260911
A61271204,더샵센텀파크1차,해운대구,재송동,35.1767570378219,129.123591937256,LM090,해운대구|재송동,LEGAL_DONG,MEDIUM,1.0,1.0,0.0,11.0,498.0,재송동,1.0,False,False,OK,KMEANS_K3_SEED20260911
A61271302,더샵센텀파크2차,해운대구,재송동,35.1795016077605,129.123276453416,LM090,해운대구|재송동,LEGAL_DONG,HIGH,1.0,1.0,1.0,11.0,498.0,재송동,1.0,False,False,OK,KMEANS_K3_SEED20260911
A61271919,아시아선수촌아파트,해운대구,반여동,35.203871411036,129.121681336433,LM088,해운대구|반여동,LEGAL_DONG,HIGH,1.0,0.0,0.0,12.0,532.0,반여동,1.0,False,False,OK,KMEANS_K3_SEED20260911
A61272011,현대그린맨션,해운대구,반여동,35.19852822286,129.116494686233,,,,,,,,,,,,,,INSUFFICIENT_CLUSTER_FEATURES,KMEANS_K3_SEED20260911
A61273009,부산도시공사 반송영구임대아파트,해운대구,반송동,35.2285205300458,129.162509326116,,,,,,,,,,,,,,INSUFFICIENT_CLUSTER_FEATURES,KMEANS_K3_SEED20260911
A61273306,벽산삼협,해운대구,반송동,35.2267985284278,129.160664640772,LM087,해운대구|반송동,LEGAL_DONG,HIGH,1.0,2.0,2.0,3.0,67.0,반송동,1.0,False,True,LOW_SAMPLE,KMEANS_K3_SEED20260911
A61273507,삼한2,해운대구,반송동,35.2302731002865,129.16288983153,LM087,해운대구|반송동,LEGAL_DONG,HIGH,1.0,2.0,2.0,3.0,67.0,반송동,1.0,False,True,LOW_SAMPLE,KMEANS_K3_SEED20260911
A61273609,부산반송주공,해운대구,반송동,35.2302899017431,129.158664190919,,,,,,,,,,,,,,INSUFFICIENT_CLUSTER_FEATURES,KMEANS_K3_SEED20260911
A61274011,경남마리나,해운대구,우동,35.1611586505307,129.142559403507,LM089,해운대구|우동,LEGAL_DONG,HIGH,1.0,1.0,1.0,19.0,766.0,우동,1.0,False,False,OK,KMEANS_K3_SEED20260911
A61274013,해운대 I PARK,해운대구,우동,35.157037795554,129.143328681551,LM089,해운대구|우동,LEGAL_DONG,HIGH,1.0,0.0,0.0,19.0,766.0,우동,1.0,False,False,OK,KMEANS_K3_SEED20260911
A61274114,경동,해운대구,우동,35.1618278396226,129.142635887201,LM089,해운대구|우동,LEGAL_DONG,HIGH,1.0,1.0,1.0,19.0,766.0,우동,1.0,False,False,OK,KMEANS_K3_SEED20260911
A61274213,롯데,해운대구,우동,35.1634441587193,129.147619699842,LM089,해운대구|우동,LEGAL_DONG,HIGH,1.0,1.0,1.0,19.0,766.0,우동,1.0,False,False,OK,KMEANS_K3_SEED20260911
A61274508,동부올림픽타운,해운대구,우동,35.1668836722389,129.139840566086,LM089,해운대구|우동,LEGAL_DONG,HIGH,1.0,1.0,1.0,19.0,766.0,우동,1.0,False,False,OK,KMEANS_K3_SEED20260911
A61274707,삼호가든맨션,해운대구,우동,35.1749283317367,129.139725587321,LM089,해운대구|우동,LEGAL_DONG,HIGH,1.0,1.0,1.0,19.0,766.0,우동,1.0,False,False,OK,KMEANS_K3_SEED20260911
A61274815,센텀삼익아파트,해운대구,재송동,35.1907671525517,129.121418403334,LM090,해운대구|재송동,LEGAL_DONG,HIGH,1.0,2.0,2.0,11.0,498.0,재송동,1.0,False,False,OK,KMEANS_K3_SEED20260911
A61275302,현대,해운대구,좌동,35.1655331454587,129.178084411953,LM091,해운대구|좌동,LEGAL_DONG,HIGH,1.0,1.0,1.0,28.0,1147.0,좌동,1.0,False,False,OK,KMEANS_K3_SEED20260911
A61278214,센텀우신골든빌,해운대구,재송동,35.1901071344599,129.125837136089,LM090,해운대구|재송동,LEGAL_DONG,MEDIUM,1.0,2.0,0.0,11.0,498.0,재송동,1.0,False,False,OK,KMEANS_K3_SEED20260911
A61278912,대우마리나3,해운대구,우동,35.1620496306781,129.145118731208,LM089,해운대구|우동,LEGAL_DONG,HIGH,1.0,1.0,1.0,19.0,766.0,우동,1.0,False,False,OK,KMEANS_K3_SEED20260911
A61279802,일동미라주,해운대구,반여동,35.2053128310828,129.117825261561,LM088,해운대구|반여동,LEGAL_DONG,HIGH,1.0,2.0,2.0,12.0,532.0,반여동,1.0,False,False,OK,KMEANS_K3_SEED20260911
A61279804,센텀SKVIEW아파트,해운대구,반여동,35.2035746936972,129.113815248581,LM088,해운대구|반여동,LEGAL_DONG,HIGH,1.0,0.0,0.0,12.0,532.0,반여동,1.0,False,False,OK,KMEANS_K3_SEED20260911
A61280805,삼한그린타운1,해운대구,반송동,35.2283461910031,129.161246786733,LM087,해운대구|반송동,LEGAL_DONG,HIGH,1.0,2.0,2.0,3.0,67.0,반송동,1.0,False,True,LOW_SAMPLE,KMEANS_K3_SEED20260911
A61281117,센텀대림,해운대구,반여동,35.2006488722715,129.117222167006,LM088,해운대구|반여동,LEGAL_DONG,HIGH,1.0,0.0,0.0,12.0,532.0,반여동,1.0,False,False,OK,KMEANS_K3_SEED20260911
A61281512,센텀피오레1차,해운대구,재송동,35.1931877596434,129.115520380218,LM090,해운대구|재송동,LEGAL_DONG,HIGH,1.0,1.0,1.0,11.0,498.0,재송동,1.0,False,False,OK,KMEANS_K3_SEED20260911
A61282215,대우마리나1,해운대구,우동,35.1596895747603,129.145360476605,LM089,해운대구|우동,LEGAL_DONG,HIGH,1.0,1.0,1.0,19.0,766.0,우동,1.0,False,False,OK,KMEANS_K3_SEED20260911
A61282705,센텀센시빌,해운대구,우동,35.1745345473452,129.13087471346,LM089,해운대구|우동,LEGAL_DONG,LOW,0.79,1.0,0.0,19.0,766.0,우동,1.0,False,False,LOW_ASSIGNMENT_STABILITY,KMEANS_K3_SEED20260911
A61283211,재송그린,해운대구,재송동,35.1916234956582,129.12985607532,LM090,해운대구|재송동,LEGAL_DONG,HIGH,1.0,2.0,2.0,11.0,498.0,재송동,1.0,False,False,OK,KMEANS_K3_SEED20260911
A61283410,장산동국,해운대구,재송동,35.1933696300285,129.133924534696,LM090,해운대구|재송동,LEGAL_DONG,HIGH,1.0,2.0,2.0,11.0,498.0,재송동,1.0,False,False,OK,KMEANS_K3_SEED20260911
A61286403,센텀이편한세상,해운대구,재송동,35.189401531384,129.117817187906,LM090,해운대구|재송동,LEGAL_DONG,HIGH,1.0,1.0,1.0,11.0,498.0,재송동,1.0,False,False,OK,KMEANS_K3_SEED20260911
A61286810,반도보라빌,해운대구,우동,35.1624138157013,129.147958676759,LM089,해운대구|우동,LEGAL_DONG,HIGH,1.0,0.0,0.0,19.0,766.0,우동,1.0,False,False,OK,KMEANS_K3_SEED20260911
A61288603,해운대래미안,해운대구,중동,35.1640129176826,129.176736798264,LM092,해운대구|중동,LEGAL_DONG,MEDIUM,1.0,1.0,0.0,5.0,254.0,중동,1.0,False,True,LOW_SAMPLE,KMEANS_K3_SEED20260911
A61301003,삼익비치,수영구,남천동,35.1437530945336,129.115366260127,LM076,수영구|남천동,LEGAL_DONG,HIGH,1.0,1.0,1.0,5.0,444.0,남천동,1.0,False,True,LOW_SAMPLE,KMEANS_K3_SEED20260911
A61310007,쌍용예가디오션,수영구,광안동,35.1560597268621,129.114667093976,LM075,수영구|광안동,LEGAL_DONG,HIGH,1.0,1.0,1.0,4.0,155.0,광안동,1.0,False,True,LOW_SAMPLE,KMEANS_K3_SEED20260911
A61313001,삼성,수영구,망미동,35.1686144727757,129.100818604991,LM077,수영구|망미동,LEGAL_DONG,HIGH,1.0,2.0,2.0,4.0,145.0,망미동,1.0,False,True,LOW_SAMPLE,KMEANS_K3_SEED20260911
A61313002,더샵파크리치,수영구,망미동,35.1736824174031,129.107339690735,LM077,수영구|망미동,LEGAL_DONG,LOW,1.0,1.0,0.0,4.0,145.0,망미동,1.0,False,True,LOW_SAMPLE,KMEANS_K3_SEED20260911
A61313203,이편한세상3차,수영구,망미동,35.1820724535399,129.116974870884,LM077,수영구|망미동,LEGAL_DONG,HIGH,1.0,1.0,1.0,4.0,145.0,망미동,1.0,False,True,LOW_SAMPLE,KMEANS_K3_SEED20260911
A61375202,광원,수영구,광안동,35.1614978181642,129.107336656838,LM075,수영구|광안동,LEGAL_DONG,MEDIUM,1.0,0.0,1.0,4.0,155.0,광안동,1.0,False,True,LOW_SAMPLE,KMEANS_K3_SEED20260911
A61375603,비치-그린아파트,수영구,광안동,35.163078915946,129.109265797747,LM075,수영구|광안동,LEGAL_DONG,HIGH,1.0,0.0,0.0,4.0,155.0,광안동,1.0,False,True,LOW_SAMPLE,KMEANS_K3_SEED20260911
A61375702,현대,수영구,수영동,35.1673047822004,129.122786494183,LM079,수영구|수영동,LEGAL_DONG,HIGH,1.0,1.0,1.0,2.0,35.0,수영동,1.0,False,True,LOW_SAMPLE,KMEANS_K3_SEED20260911
A61377105,센텀비치푸르지오,수영구,민락동,35.1599390788056,129.131496560451,LM078,수영구|민락동,LEGAL_DONG,HIGH,1.0,0.0,0.0,5.0,219.0,민락동,1.0,False,True,LOW_SAMPLE,KMEANS_K3_SEED20260911
A61377106,부산더샵센텀포레,수영구,민락동,35.1665033337236,129.122162524106,LM078,수영구|민락동,LEGAL_DONG,HIGH,1.0,1.0,1.0,5.0,219.0,민락동,1.0,False,True,LOW_SAMPLE,KMEANS_K3_SEED20260911
A61377204,롯데캐슬자이언트,수영구,민락동,35.1582247902295,129.132568315554,LM078,수영구|민락동,LEGAL_DONG,HIGH,1.0,0.0,0.0,5.0,219.0,민락동,1.0,False,True,LOW_SAMPLE,KMEANS_K3_SEED20260911
A61381805,코오롱하늘채골든비치,수영구,남천동,35.143326922398,129.111829713286,LM076,수영구|남천동,LEGAL_DONG,MEDIUM,1.0,1.0,0.0,5.0,444.0,남천동,1.0,False,True,LOW_SAMPLE,KMEANS_K3_SEED20260911
A61381903,뉴비치,수영구,남천동,35.1384626993821,129.110007910423,LM076,수영구|남천동,LEGAL_DONG,HIGH,1.0,1.0,1.0,5.0,444.0,남천동,1.0,False,True,LOW_SAMPLE,KMEANS_K3_SEED20260911
A61383101,수영협성르네상스타운,수영구,수영동,35.1711046086256,129.120999627385,LM079,수영구|수영동,LEGAL_DONG,HIGH,1.0,1.0,1.0,2.0,35.0,수영동,1.0,False,True,LOW_SAMPLE,KMEANS_K3_SEED20260911
A61402003,서면베르빌2,부산진구,범천동,35.1451362665212,129.058408571234,LM042,부산진구|범천동,LEGAL_DONG,HIGH,1.0,2.0,2.0,5.0,198.0,범천동,1.0,False,True,LOW_SAMPLE,KMEANS_K3_SEED20260911
A61403001,더샵센트럴스타,부산진구,부전동,35.1518342155363,129.060292382158,LM044,부산진구|부전동,LEGAL_DONG,HIGH,1.0,0.0,0.0,2.0,73.0,부전동,1.0,False,True,LOW_SAMPLE,KMEANS_K3_SEED20260911
A61404006,서면한신,부산진구,전포동,35.1628234273282,129.066855757132,LM047,부산진구|전포동,LEGAL_DONG,HIGH,1.0,0.0,0.0,7.0,439.0,전포동,1.0,False,True,LOW_SAMPLE,KMEANS_K3_SEED20260911
A61404007,서면롯데캐슬스카이,부산진구,전포동,35.1619537729916,129.064739441542,LM047,부산진구|전포동,LEGAL_DONG,HIGH,1.0,1.0,1.0,7.0,439.0,전포동,1.0,False,True,LOW_SAMPLE,KMEANS_K3_SEED20260911
A61404203,서면대우디오빌2,부산진구,전포동,35.1609777083749,129.06583954255,LM047,부산진구|전포동,LEGAL_DONG,HIGH,1.0,2.0,2.0,7.0,439.0,전포동,1.0,False,True,LOW_SAMPLE,KMEANS_K3_SEED20260911
A61409002,쌍용스윗닷홈스카이,부산진구,부암동,35.1634984252679,129.050697797136,LM043,부산진구|부암동,LEGAL_DONG,HIGH,1.0,0.0,0.0,12.0,426.0,부암동,1.0,False,False,OK,KMEANS_K3_SEED20260911
A61409003,일성인포,부산진구,부암동,35.1643616720816,129.051031683479,LM043,부산진구|부암동,LEGAL_DONG,HIGH,1.0,0.0,0.0,12.0,426.0,부암동,1.0,False,False,OK,KMEANS_K3_SEED20260911
A61409004,타워베르빌,부산진구,부암동,35.1659444088819,129.050902545964,LM043,부산진구|부암동,LEGAL_DONG,MEDIUM,1.0,0.0,1.0,12.0,426.0,부암동,1.0,False,False,OK,KMEANS_K3_SEED20260911
A61409005,부산서면동문굿모닝힐,부산진구,부암동,35.1617307022418,129.053101832092,LM043,부산진구|부암동,LEGAL_DONG,HIGH,1.0,0.0,0.0,12.0,426.0,부암동,1.0,False,False,OK,KMEANS_K3_SEED20260911
A61409302,당감뜨란채,부산진구,부암동,35.1749337216179,129.029905401339,LM043,부산진구|부암동,LEGAL_DONG,HIGH,1.0,0.0,0.0,12.0,426.0,부암동,1.0,False,False,OK,KMEANS_K3_SEED20260911
A61410304,"삼익(10,11동)",부산진구,당감동,35.1619817959221,129.039811080995,LM040,부산진구|당감동,LEGAL_DONG,HIGH,1.0,2.0,2.0,10.0,393.0,당감동,1.0,False,False,OK,KMEANS_K3_SEED20260911
A61473002,네오스포,부산진구,부전동,35.15362555977,129.054047151528,LM044,부산진구|부전동,LEGAL_DONG,HIGH,1.0,2.0,2.0,2.0,73.0,부전동,1.0,False,True,LOW_SAMPLE,KMEANS_K3_SEED20260911
A61475202,태화현대1,부산진구,당감동,35.156984699411,129.042257249023,LM040,부산진구|당감동,LEGAL_DONG,HIGH,1.0,0.0,0.0,10.0,393.0,당감동,1.0,False,False,OK,KMEANS_K3_SEED20260911
A61475403,현대1차,부산진구,양정동,35.1742119686713,129.063037802602,LM045,부산진구|양정동,LEGAL_DONG,HIGH,1.0,0.0,0.0,5.0,366.0,양정동,1.0,False,True,LOW_SAMPLE,KMEANS_K3_SEED20260911
A61475512,개금주공2,부산진구,개금동,35.160050673057,129.030352293763,LM039,부산진구|개금동,LEGAL_DONG,HIGH,1.0,2.0,2.0,8.0,361.0,개금동,1.0,False,True,LOW_SAMPLE,KMEANS_K3_SEED20260911
A61475903,태화현대2,부산진구,당감동,35.1561948411934,129.041101811057,LM040,부산진구|당감동,LEGAL_DONG,HIGH,1.0,0.0,0.0,10.0,393.0,당감동,1.0,False,False,OK,KMEANS_K3_SEED20260911
A61476002,경남,부산진구,범천동,35.1459261803379,129.056671283896,LM042,부산진구|범천동,LEGAL_DONG,HIGH,1.0,1.0,1.0,5.0,198.0,범천동,1.0,False,True,LOW_SAMPLE,KMEANS_K3_SEED20260911
A61476004,범천LH,부산진구,범천동,35.1474350919207,129.054658772275,,,,,,,,,,,,,,INSUFFICIENT_CLUSTER_FEATURES,KMEANS_K3_SEED20260911
A61476403,벽산1,부산진구,가야동,35.1466134423697,129.026989438444,LM038,부산진구|가야동,LEGAL_DONG,HIGH,1.0,2.0,2.0,3.0,155.0,가야동,1.0,False,True,LOW_SAMPLE,KMEANS_K3_SEED20260911
A61477009,개금우드빌,부산진구,개금동,35.1631325735281,129.024598413974,LM039,부산진구|개금동,LEGAL_DONG,HIGH,1.0,2.0,2.0,8.0,361.0,개금동,1.0,False,True,LOW_SAMPLE,KMEANS_K3_SEED20260911
A61477105,개금아이파크,부산진구,개금동,35.1474573442981,129.019633646689,LM039,부산진구|개금동,LEGAL_DONG,HIGH,1.0,0.0,0.0,8.0,361.0,개금동,1.0,False,True,LOW_SAMPLE,KMEANS_K3_SEED20260911
A61477302,서면노르웨이아침,부산진구,전포동,35.1499346550732,129.063479015263,LM047,부산진구|전포동,LEGAL_DONG,HIGH,1.0,2.0,2.0,7.0,439.0,전포동,1.0,False,True,LOW_SAMPLE,KMEANS_K3_SEED20260911
A61477403,시영(1~5동),부산진구,개금동,35.1466044705799,129.017038077616,LM039,부산진구|개금동,LEGAL_DONG,HIGH,1.0,2.0,2.0,8.0,361.0,개금동,1.0,False,True,LOW_SAMPLE,KMEANS_K3_SEED20260911
A61477806,국제백양,부산진구,당감동,35.1680304177471,129.029180210707,LM040,부산진구|당감동,LEGAL_DONG,HIGH,1.0,2.0,2.0,10.0,393.0,당감동,1.0,False,False,OK,KMEANS_K3_SEED20260911
A61478807,화인,부산진구,연지동,35.173029858395,129.059865435875,LM046,부산진구|연지동,LEGAL_DONG,MEDIUM,1.0,0.0,1.0,6.0,308.0,연지동,1.0,False,True,LOW_SAMPLE,KMEANS_K3_SEED20260911
A61478901,연지자이2차,부산진구,연지동,35.1738340168288,129.048361881117,LM046,부산진구|연지동,LEGAL_DONG,HIGH,1.0,0.0,0.0,6.0,308.0,연지동,1.0,False,True,LOW_SAMPLE,KMEANS_K3_SEED20260911
A61479104,현대2차,부산진구,양정동,35.1707552940831,129.066457433194,LM045,부산진구|양정동,LEGAL_DONG,HIGH,1.0,0.0,0.0,5.0,366.0,양정동,1.0,False,True,LOW_SAMPLE,KMEANS_K3_SEED20260911
A61479403,쌍용스윗닷홈,부산진구,부암동,35.175718691386,129.03275978455,LM043,부산진구|부암동,LEGAL_DONG,HIGH,1.0,0.0,0.0,12.0,426.0,부암동,1.0,False,False,OK,KMEANS_K3_SEED20260911
A61479502,반도보라빌,부산진구,가야동,35.1505026878858,129.032373713462,LM038,부산진구|가야동,LEGAL_DONG,HIGH,1.0,0.0,0.0,3.0,155.0,가야동,1.0,False,True,LOW_SAMPLE,KMEANS_K3_SEED20260911
A61479605,동일스위트,부산진구,당감동,35.1671767965506,129.025974675989,LM040,부산진구|당감동,LEGAL_DONG,HIGH,1.0,0.0,0.0,10.0,393.0,당감동,1.0,False,False,OK,KMEANS_K3_SEED20260911
A61479902,대원칸타빌멤버스,부산진구,양정동,35.1715683917271,129.068601210916,LM045,부산진구|양정동,LEGAL_DONG,HIGH,1.0,0.0,0.0,5.0,366.0,양정동,1.0,False,True,LOW_SAMPLE,KMEANS_K3_SEED20260911
A61480908,동원화인패밀리,부산진구,개금동,35.1639281330622,129.02850740693,LM039,부산진구|개금동,LEGAL_DONG,HIGH,1.0,2.0,2.0,8.0,361.0,개금동,1.0,False,True,LOW_SAMPLE,KMEANS_K3_SEED20260911
A61480910,개금2지구도개공임대아파트,부산진구,개금동,35.1632517194987,129.023109473947,,,,,,,,,,,,,,INSUFFICIENT_CLUSTER_FEATURES,KMEANS_K3_SEED20260911
A61481111,엘지신개금(2-1),부산진구,개금동,35.1550481097082,129.019243033247,LM039,부산진구|개금동,LEGAL_DONG,HIGH,1.0,0.0,0.0,8.0,361.0,개금동,1.0,False,True,LOW_SAMPLE,KMEANS_K3_SEED20260911
A61482207,개금주공3단지,부산진구,당감동,35.1613968466179,129.032430795113,LM040,부산진구|당감동,LEGAL_DONG,HIGH,1.0,2.0,2.0,10.0,393.0,당감동,1.0,False,False,OK,KMEANS_K3_SEED20260911
A61482302,"백양뜨란채,주공아파트(1단지)",부산진구,당감동,35.1711519461034,129.026345604739,LM040,부산진구|당감동,LEGAL_DONG,HIGH,1.0,2.0,2.0,10.0,393.0,당감동,1.0,False,False,OK,KMEANS_K3_SEED20260911
A61482303,백양푸른채,부산진구,당감동,35.1720654213412,129.027516045706,LM040,부산진구|당감동,LEGAL_DONG,HIGH,1.0,2.0,2.0,10.0,393.0,당감동,1.0,False,False,OK,KMEANS_K3_SEED20260911
A61483202,서면이-편한세상,부산진구,범천동,35.1564058760801,129.048580378752,LM042,부산진구|범천동,LEGAL_DONG,HIGH,1.0,0.0,0.0,5.0,198.0,범천동,1.0,False,True,LOW_SAMPLE,KMEANS_K3_SEED20260911
A61484004,협성피닉스타운,부산진구,부암동,35.1729756707124,129.036945657457,LM043,부산진구|부암동,LEGAL_DONG,HIGH,1.0,2.0,2.0,12.0,426.0,부암동,1.0,False,False,OK,KMEANS_K3_SEED20260911
A61484005,화승,부산진구,부암동,35.1684027431243,129.037323992928,LM043,부산진구|부암동,LEGAL_DONG,HIGH,1.0,0.0,0.0,12.0,426.0,부암동,1.0,False,False,OK,KMEANS_K3_SEED20260911
A61485906,연지2청구,부산진구,연지동,35.174113118202,129.05714237943,LM046,부산진구|연지동,LEGAL_DONG,HIGH,1.0,0.0,0.0,6.0,308.0,연지동,1.0,False,True,LOW_SAMPLE,KMEANS_K3_SEED20260911
A61486005,연지자이,부산진구,연지동,35.1704728032631,129.048429217295,LM046,부산진구|연지동,LEGAL_DONG,HIGH,1.0,0.0,0.0,6.0,308.0,연지동,1.0,False,True,LOW_SAMPLE,KMEANS_K3_SEED20260911
A61486008,세동한신,부산진구,연지동,35.1717840601458,129.048936674435,LM046,부산진구|연지동,LEGAL_DONG,HIGH,1.0,0.0,0.0,6.0,308.0,연지동,1.0,False,True,LOW_SAMPLE,KMEANS_K3_SEED20260911
A61486301,한라비발디,부산진구,전포동,35.1506405123904,129.0661127988,LM047,부산진구|전포동,LEGAL_DONG,HIGH,1.0,0.0,0.0,7.0,439.0,전포동,1.0,False,True,LOW_SAMPLE,KMEANS_K3_SEED20260911
A61609002,구포동원로얄듀크비스타,북구,구포동,35.208073180857,128.99889746397,LM049,북구|구포동,LEGAL_DONG,HIGH,1.0,0.0,0.0,5.0,218.0,구포동,1.0,False,True,LOW_SAMPLE,KMEANS_K3_SEED20260911
A61609206,구포유림노르웨이숲2차,북구,구포동,35.1962431039498,129.002991484837,LM049,북구|구포동,LEGAL_DONG,HIGH,1.0,2.0,2.0,5.0,218.0,구포동,1.0,False,True,LOW_SAMPLE,KMEANS_K3_SEED20260911
A61610003,롯데,북구,덕천동,35.2095334334768,129.021080144507,LM051,북구|덕천동,LEGAL_DONG,HIGH,1.0,2.0,2.0,6.0,198.0,덕천동,1.0,False,True,LOW_SAMPLE,KMEANS_K3_SEED20260911
A61612010,화명2차현대,북구,화명동,35.227309697318,129.01001401447,LM053,북구|화명동,LEGAL_DONG,HIGH,1.0,0.0,0.0,18.0,1144.0,화명동,1.0,False,False,OK,KMEANS_K3_SEED20260911
A61612011,대우이안,북구,화명동,35.2371706524696,129.009954863836,LM053,북구|화명동,LEGAL_DONG,HIGH,1.0,0.0,0.0,18.0,1144.0,화명동,1.0,False,False,OK,KMEANS_K3_SEED20260911
A61612013,코오롱하늘채1차,북구,화명동,35.2307920262206,129.011545185865,LM053,북구|화명동,LEGAL_DONG,HIGH,1.0,1.0,1.0,18.0,1144.0,화명동,1.0,False,False,OK,KMEANS_K3_SEED20260911
A61612016,수정강변타운,북구,화명동,35.2213244327728,129.0060121223,LM053,북구|화명동,LEGAL_DONG,HIGH,1.0,0.0,0.0,18.0,1144.0,화명동,1.0,False,False,OK,KMEANS_K3_SEED20260911
A61612017,대림쌍용강변타운,북구,화명동,35.2264392828181,129.00705947304,LM053,북구|화명동,LEGAL_DONG,MEDIUM,1.0,1.0,0.0,18.0,1144.0,화명동,1.0,False,False,OK,KMEANS_K3_SEED20260911
A61612018,롯데낙천대,북구,화명동,35.2374576879253,129.011867869707,LM053,북구|화명동,LEGAL_DONG,MEDIUM,1.0,1.0,0.0,18.0,1144.0,화명동,1.0,False,False,OK,KMEANS_K3_SEED20260911
A61612019,대림타운,북구,화명동,35.2314080166544,129.015133073984,LM053,북구|화명동,LEGAL_DONG,HIGH,1.0,0.0,0.0,18.0,1144.0,화명동,1.0,False,False,OK,KMEANS_K3_SEED20260911
A61670501,덕천삼정그린코아,북구,덕천동,35.2140284510103,129.02011285035,LM051,북구|덕천동,LEGAL_DONG,HIGH,1.0,0.0,0.0,6.0,198.0,덕천동,1.0,False,True,LOW_SAMPLE,KMEANS_K3_SEED20260911
A61673103,쌍용스윗닷홈,북구,만덕동,35.2124756476365,129.030737502154,LM052,북구|만덕동,LEGAL_DONG,HIGH,1.0,0.0,0.0,13.0,569.0,만덕동,1.0,False,False,OK,KMEANS_K3_SEED20260911
A61673302,삼한힐파크,북구,화명동,35.2355961916313,129.019849258614,LM053,북구|화명동,LEGAL_DONG,HIGH,1.0,0.0,0.0,18.0,1144.0,화명동,1.0,False,False,OK,KMEANS_K3_SEED20260911
A61673304,동원로얄듀크,북구,화명동,35.2290967917765,129.014084050757,LM053,북구|화명동,LEGAL_DONG,HIGH,1.0,0.0,0.0,18.0,1144.0,화명동,1.0,False,False,OK,KMEANS_K3_SEED20260911
A61673305,화명유림,북구,화명동,35.2350594490376,129.020400500987,LM053,북구|화명동,LEGAL_DONG,MEDIUM,1.0,2.0,1.0,18.0,1144.0,화명동,1.0,False,False,OK,KMEANS_K3_SEED20260911
A61673308,화명롯데캐슬카이저,북구,화명동,35.2263603201003,129.012210130511,LM053,북구|화명동,LEGAL_DONG,HIGH,1.0,0.0,0.0,18.0,1144.0,화명동,1.0,False,False,OK,KMEANS_K3_SEED20260911
A61673902,율리역벽산블루밍1단지,북구,금곡동,35.2489684522194,129.014089697572,LM050,북구|금곡동,LEGAL_DONG,HIGH,1.0,0.0,0.0,13.0,382.0,금곡동,1.0,False,False,OK,KMEANS_K3_SEED20260911
A61674824,부산율리마을,북구,금곡동,35.2453932447009,129.010592292094,,,,,,,,,,,,,,INSUFFICIENT_CLUSTER_FEATURES,KMEANS_K3_SEED20260911
A61674912,화명뜨란채,북구,금곡동,35.242884949859,129.010879993085,LM050,북구|금곡동,LEGAL_DONG,HIGH,1.0,0.0,0.0,13.0,382.0,금곡동,1.0,False,False,OK,KMEANS_K3_SEED20260911
A61675601,상록한신휴플러스,북구,만덕동,35.203972397957,129.03263165167,LM052,북구|만덕동,LEGAL_DONG,MEDIUM,1.0,2.0,0.0,13.0,569.0,만덕동,1.0,False,False,OK,KMEANS_K3_SEED20260911
A61675806,삼성,북구,만덕동,35.2109245971145,129.036768960273,LM052,북구|만덕동,LEGAL_DONG,HIGH,1.0,2.0,2.0,13.0,569.0,만덕동,1.0,False,False,OK,KMEANS_K3_SEED20260911
A61676006,벽산삼협한솔,북구,금곡동,35.2660364322743,129.018303147659,LM050,북구|금곡동,LEGAL_DONG,HIGH,1.0,2.0,2.0,13.0,382.0,금곡동,1.0,False,False,OK,KMEANS_K3_SEED20260911
A61676118,금곡주공1단지,북구,금곡동,35.2677341935495,129.018995206358,,,,,,,,,,,,,,INSUFFICIENT_CLUSTER_FEATURES,KMEANS_K3_SEED20260911
A61676215,금곡주공2단지,북구,금곡동,35.2598827791739,129.015196459368,,,,,,,,,,,,,,INSUFFICIENT_CLUSTER_FEATURES,KMEANS_K3_SEED20260911
A61676316,금곡3단지주공,북구,금곡동,35.2645788964271,129.021859138241,LM050,북구|금곡동,LEGAL_DONG,HIGH,1.0,2.0,2.0,13.0,382.0,금곡동,1.0,False,False,OK,KMEANS_K3_SEED20260911
A61676422,금곡주공4단지,북구,금곡동,35.2536085912779,129.01534596506,,,,,,,,,,,,,,INSUFFICIENT_CLUSTER_FEATURES,KMEANS_K3_SEED20260911
A61676509,금곡5단지주공,북구,금곡동,35.2499619789442,129.013375171263,LM050,북구|금곡동,LEGAL_DONG,HIGH,1.0,2.0,2.0,13.0,382.0,금곡동,1.0,False,False,OK,KMEANS_K3_SEED20260911
A61676605,금곡6단지주공,북구,금곡동,35.2489583498651,129.015421319804,LM050,북구|금곡동,LEGAL_DONG,HIGH,1.0,2.0,2.0,13.0,382.0,금곡동,1.0,False,False,OK,KMEANS_K3_SEED20260911
A61676723,금곡주공7단지,북구,금곡동,35.2567697648929,129.013284080271,,,,,,,,,,,,,,INSUFFICIENT_CLUSTER_FEATURES,KMEANS_K3_SEED20260911
A61676814,금곡9단지주공,북구,금곡동,35.2582359902722,129.015202701014,LM050,북구|금곡동,LEGAL_DONG,HIGH,1.0,2.0,2.0,13.0,382.0,금곡동,1.0,False,False,OK,KMEANS_K3_SEED20260911
A61677013,화명한일유앤아이,북구,금곡동,35.2425002245561,129.012496205717,LM050,북구|금곡동,LEGAL_DONG,HIGH,1.0,0.0,0.0,13.0,382.0,금곡동,1.0,False,False,OK,KMEANS_K3_SEED20260911
A61677404,덕천주공2단지,북구,덕천동,35.2090145018988,129.01715015865,,,,,,,,,,,,,,INSUFFICIENT_CLUSTER_FEATURES,KMEANS_K3_SEED20260911
A61677608,기비골마을,북구,덕천동,35.2160617248043,129.023770929231,LM051,북구|덕천동,LEGAL_DONG,HIGH,1.0,2.0,2.0,6.0,198.0,덕천동,1.0,False,True,LOW_SAMPLE,KMEANS_K3_SEED20260911
A61678209,그린코아,북구,만덕동,35.2074079470518,129.030722714168,LM052,북구|만덕동,LEGAL_DONG,HIGH,1.0,2.0,2.0,13.0,569.0,만덕동,1.0,False,False,OK,KMEANS_K3_SEED20260911
A61678706,럭키,북구,만덕동,35.2079235626477,129.028112471704,LM052,북구|만덕동,LEGAL_DONG,HIGH,1.0,2.0,2.0,13.0,569.0,만덕동,1.0,False,False,OK,KMEANS_K3_SEED20260911
A61678804,럭키2,북구,만덕동,35.2098416026819,129.027896884029,LM052,북구|만덕동,LEGAL_DONG,HIGH,1.0,2.0,2.0,13.0,569.0,만덕동,1.0,False,False,OK,KMEANS_K3_SEED20260911
A61679206,벽산강변타운,북구,화명동,35.245398335453,129.01353176912,LM053,북구|화명동,LEGAL_DONG,MEDIUM,1.0,0.0,1.0,18.0,1144.0,화명동,1.0,False,False,OK,KMEANS_K3_SEED20260911
A61679207,도시화명그린(295),북구,화명동,35.2449544851875,129.022813992369,LM053,북구|화명동,LEGAL_DONG,HIGH,1.0,2.0,2.0,18.0,1144.0,화명동,1.0,False,False,OK,KMEANS_K3_SEED20260911
A61679208,경남아너스빌,북구,화명동,35.241106239451,129.015548138623,LM053,북구|화명동,LEGAL_DONG,HIGH,1.0,0.0,0.0,18.0,1144.0,화명동,1.0,False,False,OK,KMEANS_K3_SEED20260911
A61679609,부산만덕3단지 주공아파트,북구,만덕동,35.2028368917968,129.033733979918,,,,,,,,,,,,,,INSUFFICIENT_CLUSTER_FEATURES,KMEANS_K3_SEED20260911
A61680705,삼정그린코아,북구,구포동,35.1955122900511,128.995071289777,LM049,북구|구포동,LEGAL_DONG,HIGH,1.0,0.0,0.0,5.0,218.0,구포동,1.0,False,True,LOW_SAMPLE,KMEANS_K3_SEED20260911
A61680707,구포현대,북구,구포동,35.1955368874101,128.993534496345,LM049,북구|구포동,LEGAL_DONG,HIGH,1.0,2.0,2.0,5.0,218.0,구포동,1.0,False,True,LOW_SAMPLE,KMEANS_K3_SEED20260911
A61681107,금곡화목타운,북구,금곡동,35.2619495613495,129.019930267402,LM050,북구|금곡동,LEGAL_DONG,MEDIUM,1.0,2.0,0.0,13.0,382.0,금곡동,1.0,False,False,OK,KMEANS_K3_SEED20260911
A61681108,협진태양·조성아파트,북구,금곡동,35.2615892682778,129.019418223118,LM050,북구|금곡동,LEGAL_DONG,HIGH,1.0,2.0,2.0,13.0,382.0,금곡동,1.0,False,False,OK,KMEANS_K3_SEED20260911
A61681409,부산도시공사 덕천2지구 아파트,북구,덕천동,35.2180355880224,129.021109556679,,,,,,,,,,,,,,INSUFFICIENT_CLUSTER_FEATURES,KMEANS_K3_SEED20260911
A61682303,덕천주공1,북구,덕천동,35.2063338690432,129.012317564896,LM051,북구|덕천동,LEGAL_DONG,HIGH,1.0,2.0,2.0,6.0,198.0,덕천동,1.0,False,True,LOW_SAMPLE,KMEANS_K3_SEED20260911
A61682607,대성타워,북구,만덕동,35.2118089608169,129.035126434691,LM052,북구|만덕동,LEGAL_DONG,HIGH,1.0,2.0,2.0,13.0,569.0,만덕동,1.0,False,False,OK,KMEANS_K3_SEED20260911
A61682907,동원,북구,만덕동,35.209485655516,129.030615805591,LM052,북구|만덕동,LEGAL_DONG,HIGH,1.0,2.0,2.0,13.0,569.0,만덕동,1.0,False,False,OK,KMEANS_K3_SEED20260911
A61682908,벽산라인타운,북구,만덕동,35.2102722134884,129.023603697746,LM052,북구|만덕동,LEGAL_DONG,HIGH,1.0,2.0,2.0,13.0,569.0,만덕동,1.0,False,False,OK,KMEANS_K3_SEED20260911
A61683305,그린숲속아파트,북구,화명동,35.240429013506,129.02353823947,LM053,북구|화명동,LEGAL_DONG,HIGH,1.0,2.0,2.0,18.0,1144.0,화명동,1.0,False,False,OK,KMEANS_K3_SEED20260911
A61684110,화명리버빌2차,북구,금곡동,35.2461885230218,129.011659906096,LM050,북구|금곡동,LEGAL_DONG,HIGH,1.0,0.0,0.0,13.0,382.0,금곡동,1.0,False,False,OK,KMEANS_K3_SEED20260911
A61685214,코오롱하늘채2차,북구,화명동,35.2315659682026,129.012318725109,LM053,북구|화명동,LEGAL_DONG,HIGH,1.0,1.0,1.0,18.0,1144.0,화명동,1.0,False,False,OK,KMEANS_K3_SEED20260911
A61701002,한일유엔아이,사상구,주례동,35.1546524398987,129.010150704999,LM058,사상구|주례동,LEGAL_DONG,HIGH,0.96,0.0,0.0,9.0,271.0,주례동,1.0,False,True,LOW_SAMPLE,KMEANS_K3_SEED20260911
A61775202,백양그린,사상구,모라동,35.1827483234958,128.99375110875,LM056,사상구|모라동,LEGAL_DONG,HIGH,1.0,2.0,2.0,6.0,174.0,모라동,1.0,False,True,LOW_SAMPLE,KMEANS_K3_SEED20260911
A61775307,부산모라주공3,사상구,모라동,35.1834010447566,129.000677822957,,,,,,,,,,,,,,INSUFFICIENT_CLUSTER_FEATURES,KMEANS_K3_SEED20260911
A61775401,주공4,사상구,모라동,35.1837852373414,129.001554178679,LM056,사상구|모라동,LEGAL_DONG,HIGH,1.0,2.0,2.0,6.0,174.0,모라동,1.0,False,True,LOW_SAMPLE,KMEANS_K3_SEED20260911
A61775706,우성,사상구,모라동,35.1884675454805,128.992227465024,LM056,사상구|모라동,LEGAL_DONG,HIGH,1.0,2.0,2.0,6.0,174.0,모라동,1.0,False,True,LOW_SAMPLE,KMEANS_K3_SEED20260911
A61776003,괘법한신2,사상구,괘법동,35.1679724796601,128.978429393566,LM054,사상구|괘법동,LEGAL_DONG,HIGH,1.0,0.0,0.0,3.0,123.0,괘법동,1.0,False,True,LOW_SAMPLE,KMEANS_K3_SEED20260911
A61776104,반도보라,사상구,주례동,35.1550766261996,129.013063989359,LM058,사상구|주례동,LEGAL_DONG,HIGH,1.0,2.0,2.0,9.0,271.0,주례동,1.0,False,True,LOW_SAMPLE,KMEANS_K3_SEED20260911
A61776303,럭키주례1,사상구,주례동,35.1487520361794,129.002919863298,LM058,사상구|주례동,LEGAL_DONG,HIGH,1.0,2.0,2.0,9.0,271.0,주례동,1.0,False,True,LOW_SAMPLE,KMEANS_K3_SEED20260911
A61776508,엄궁대림,사상구,엄궁동,35.1295673473089,128.97684813444,LM057,사상구|엄궁동,LEGAL_DONG,HIGH,1.0,2.0,2.0,5.0,130.0,엄궁동,1.0,False,True,LOW_SAMPLE,KMEANS_K3_SEED20260911
A61776509,롯데캐슬,사상구,엄궁동,35.1277999596243,128.974847188702,LM057,사상구|엄궁동,LEGAL_DONG,MEDIUM,1.0,0.0,2.0,5.0,130.0,엄궁동,1.0,False,True,LOW_SAMPLE,KMEANS_K3_SEED20260911
A61776710,엄궁2차한신,사상구,엄궁동,35.1245195206599,128.96924125613,LM057,사상구|엄궁동,LEGAL_DONG,HIGH,1.0,2.0,2.0,5.0,130.0,엄궁동,1.0,False,True,LOW_SAMPLE,KMEANS_K3_SEED20260911
A61776811,코오롱,사상구,엄궁동,35.1260767796699,128.978290411866,LM057,사상구|엄궁동,LEGAL_DONG,HIGH,1.0,2.0,2.0,5.0,130.0,엄궁동,1.0,False,True,LOW_SAMPLE,KMEANS_K3_SEED20260911
A61776907,금강,사상구,학장동,35.1358794055547,128.978779697713,LM059,사상구|학장동,LEGAL_DONG,HIGH,1.0,2.0,2.0,10.0,168.0,학장동,1.0,False,False,OK,KMEANS_K3_SEED20260911
A61777010,학장무학,사상구,학장동,35.1362175376004,128.977029451148,LM059,사상구|학장동,LEGAL_DONG,HIGH,1.0,2.0,2.0,10.0,168.0,학장동,1.0,False,False,OK,KMEANS_K3_SEED20260911
A61777105,학장벽산,사상구,학장동,35.139171124521,128.989449393156,LM059,사상구|학장동,LEGAL_DONG,HIGH,1.0,2.0,2.0,10.0,168.0,학장동,1.0,False,False,OK,KMEANS_K3_SEED20260911
A61777312,반도보라타운,사상구,학장동,35.137291276807,128.979171839774,LM059,사상구|학장동,LEGAL_DONG,MEDIUM,1.0,2.0,0.0,10.0,168.0,학장동,1.0,False,False,OK,KMEANS_K3_SEED20260911
A61777409,학장대림,사상구,학장동,35.1353202094785,128.992240607716,LM059,사상구|학장동,LEGAL_DONG,HIGH,1.0,2.0,2.0,10.0,168.0,학장동,1.0,False,False,OK,KMEANS_K3_SEED20260911
A61777410,학장1지구도개공임대,사상구,학장동,35.1381181855035,128.989800714073,,,,,,,,,,,,,,INSUFFICIENT_CLUSTER_FEATURES,KMEANS_K3_SEED20260911
A61777411,학장동삼정그린코아아파트,사상구,학장동,35.1409900883449,128.985036725874,LM059,사상구|학장동,LEGAL_DONG,HIGH,1.0,0.0,0.0,10.0,168.0,학장동,1.0,False,False,OK,KMEANS_K3_SEED20260911
A61777711,목화,사상구,학장동,35.1382011582213,128.980514178446,LM059,사상구|학장동,LEGAL_DONG,HIGH,1.0,2.0,2.0,10.0,168.0,학장동,1.0,False,False,OK,KMEANS_K3_SEED20260911
A61777806,학장동2차삼성,사상구,학장동,35.140493632359,128.98369423114,LM059,사상구|학장동,LEGAL_DONG,HIGH,1.0,2.0,2.0,10.0,168.0,학장동,1.0,False,False,OK,KMEANS_K3_SEED20260911
A61777903,덕포경동메르빌,사상구,덕포동,35.1709535797598,128.990175265967,LM055,사상구|덕포동,LEGAL_DONG,HIGH,1.0,0.0,0.0,3.0,145.0,덕포동,1.0,False,True,LOW_SAMPLE,KMEANS_K3_SEED20260911
A61778507,쌍용스윗닷홈,사상구,엄궁동,35.1250308671541,128.976622970664,LM057,사상구|엄궁동,LEGAL_DONG,HIGH,1.0,2.0,2.0,5.0,130.0,엄궁동,1.0,False,True,LOW_SAMPLE,KMEANS_K3_SEED20260911
A61778608,주례청구,사상구,주례동,35.1552456958258,129.001149167372,LM058,사상구|주례동,LEGAL_DONG,HIGH,1.0,2.0,2.0,9.0,271.0,주례동,1.0,False,True,LOW_SAMPLE,KMEANS_K3_SEED20260911
A61780802,사상강변동원,사상구,괘법동,35.1666822659555,128.978103908759,LM054,사상구|괘법동,LEGAL_DONG,HIGH,1.0,0.0,0.0,3.0,123.0,괘법동,1.0,False,True,LOW_SAMPLE,KMEANS_K3_SEED20260911
A61781005,자유,사상구,덕포동,35.1800236911017,128.988750208023,LM055,사상구|덕포동,LEGAL_DONG,HIGH,1.0,2.0,2.0,3.0,145.0,덕포동,1.0,False,True,LOW_SAMPLE,KMEANS_K3_SEED20260911
A61781706,모라주공1단지,사상구,모라동,35.1844124944754,128.997988949809,,,,,,,,,,,,,,INSUFFICIENT_CLUSTER_FEATURES,KMEANS_K3_SEED20260911
A61781805,모라벽산,사상구,모라동,35.1916790424881,128.994105140325,LM056,사상구|모라동,LEGAL_DONG,MEDIUM,0.8,2.0,0.0,6.0,174.0,모라동,1.0,False,True,LOW_SAMPLE,KMEANS_K3_SEED20260911
A61781807,모라동원타운,사상구,모라동,35.1840225616711,128.989928866593,LM056,사상구|모라동,LEGAL_DONG,HIGH,1.0,2.0,2.0,6.0,174.0,모라동,1.0,False,True,LOW_SAMPLE,KMEANS_K3_SEED20260911
A61781808,우신모라,사상구,모라동,35.1831129739702,128.991284797338,LM056,사상구|모라동,LEGAL_DONG,HIGH,1.0,2.0,2.0,6.0,174.0,모라동,1.0,False,True,LOW_SAMPLE,KMEANS_K3_SEED20260911
A61783202,엘지신주례2,사상구,주례동,35.1538797351637,129.012849826569,LM058,사상구|주례동,LEGAL_DONG,HIGH,1.0,2.0,2.0,9.0,271.0,주례동,1.0,False,True,LOW_SAMPLE,KMEANS_K3_SEED20260911
A61783203,엘지신주례1,사상구,주례동,35.1547989827619,129.015740088934,LM058,사상구|주례동,LEGAL_DONG,HIGH,1.0,2.0,2.0,9.0,271.0,주례동,1.0,False,True,LOW_SAMPLE,KMEANS_K3_SEED20260911
A61783402,현대무지개타운,사상구,주례동,35.144962255294,129.004988674681,LM058,사상구|주례동,LEGAL_DONG,HIGH,1.0,2.0,2.0,9.0,271.0,주례동,1.0,False,True,LOW_SAMPLE,KMEANS_K3_SEED20260911
A61784208,신구덕우성,사상구,학장동,35.1400838571199,128.986955453872,LM059,사상구|학장동,LEGAL_DONG,HIGH,1.0,2.0,2.0,10.0,168.0,학장동,1.0,False,False,OK,KMEANS_K3_SEED20260911
A61784213,구학마을,사상구,학장동,35.1369601745874,128.991692452782,LM059,사상구|학장동,LEGAL_DONG,HIGH,1.0,2.0,2.0,10.0,168.0,학장동,1.0,False,False,OK,KMEANS_K3_SEED20260911
A61820001,롯데캐슬,강서구,명지동,35.0839924873696,128.904987654806,LM001,강서구|명지동,LEGAL_DONG,HIGH,1.0,0.0,0.0,22.0,1081.0,명지동,1.0,False,False,OK,KMEANS_K3_SEED20260911
A61823001,지사휴먼시아,강서구,지사동,35.1510227579519,128.835734190368,,,,,,,,,,,,,,INSUFFICIENT_CLUSTER_FEATURES,KMEANS_K3_SEED20260911
A61823002,지사금강펜테리움,강서구,지사동,35.1508946511378,128.838986989043,LM003,강서구|지사동,LEGAL_DONG,HIGH,1.0,2.0,2.0,3.0,179.0,지사동,1.0,False,True,LOW_SAMPLE,KMEANS_K3_SEED20260911
A61829001,부산신호윌더하임,강서구,신호동,35.0885594778617,128.878041264508,LM002,강서구|신호동,LEGAL_DONG,HIGH,1.0,2.0,2.0,2.0,34.0,신호동,1.0,False,True,LOW_SAMPLE,KMEANS_K3_SEED20260911
A61870404,퀸덤1차아인슈타인타운,강서구,명지동,35.0863723143638,128.899846498513,LM001,강서구|명지동,LEGAL_DONG,HIGH,1.0,0.0,0.0,22.0,1081.0,명지동,1.0,False,False,OK,KMEANS_K3_SEED20260911
A61870405,퀸덤1차링컨타운,강서구,명지동,35.0863938157981,128.896787329086,LM001,강서구|명지동,LEGAL_DONG,HIGH,1.0,0.0,0.0,22.0,1081.0,명지동,1.0,False,False,OK,KMEANS_K3_SEED20260911
A61870406,퀸덤1차에디슨타운,강서구,명지동,35.0881501153806,128.897360747756,LM001,강서구|명지동,LEGAL_DONG,HIGH,1.0,0.0,0.0,22.0,1081.0,명지동,1.0,False,False,OK,KMEANS_K3_SEED20260911
A61870410,명지두산위브포세이돈,강서구,명지동,35.0839998406513,128.896736933411,LM001,강서구|명지동,LEGAL_DONG,HIGH,1.0,0.0,0.0,22.0,1081.0,명지동,1.0,False,False,OK,KMEANS_K3_SEED20260911
A61870411,명지오션시티한신휴플러스,강서구,명지동,35.0808140745239,128.901127762161,LM001,강서구|명지동,LEGAL_DONG,HIGH,1.0,0.0,0.0,22.0,1081.0,명지동,1.0,False,False,OK,KMEANS_K3_SEED20260911
A61872201,부산신호사랑으로부영1차,강서구,신호동,35.088453806298,128.873729281805,,,,,,,,,,,,,,INSUFFICIENT_CLUSTER_FEATURES,KMEANS_K3_SEED20260911
A61872202,부산신호사랑으로부영2차,강서구,신호동,35.0871199542696,128.873657869992,LM002,강서구|신호동,LEGAL_DONG,HIGH,1.0,0.0,0.0,2.0,34.0,신호동,1.0,False,True,LOW_SAMPLE,KMEANS_K3_SEED20260911
A61872203,부산신호사랑으로부영5차,강서구,신호동,35.0829771969332,128.873704752727,,,,,,,,,,,,,,INSUFFICIENT_CLUSTER_FEATURES,KMEANS_K3_SEED20260911
A61872204,부산신호3사랑으로부영3차,강서구,신호동,35.085328367622,128.874875409969,,,,,,,,,,,,,,INSUFFICIENT_CLUSTER_FEATURES,KMEANS_K3_SEED20260911
A61881402,극동스타클래스,강서구,명지동,35.0839533492813,128.899987733079,LM001,강서구|명지동,LEGAL_DONG,HIGH,1.0,0.0,0.0,22.0,1081.0,명지동,1.0,False,False,OK,KMEANS_K3_SEED20260911
A61970112,현대,기장군,기장읍청강리,35.245345416724,129.220416678578,LM013,기장군|기장읍청강리,LEGAL_DONG,HIGH,1.0,2.0,2.0,4.0,88.0,기장읍청강리,1.0,False,True,LOW_SAMPLE,KMEANS_K3_SEED20260911
A61970210,우신네오빌,기장군,기장읍청강리,35.2384340051543,129.223042066895,LM013,기장군|기장읍청강리,LEGAL_DONG,MEDIUM,0.9,2.0,0.0,4.0,88.0,기장읍청강리,1.0,False,True,LOW_SAMPLE,KMEANS_K3_SEED20260911
A61970311,서부주공,기장군,기장읍서부리,35.244691959165,129.209469631691,LM012,기장군|기장읍서부리,LEGAL_DONG,HIGH,1.0,2.0,2.0,1.0,19.0,기장읍서부리,1.0,False,True,LOW_SAMPLE,KMEANS_K3_SEED20260911
A61970415,부산기장교리,기장군,기장읍,35.2538720336718,129.213437352354,,,,,,,,,,,,,,INSUFFICIENT_CLUSTER_FEATURES,KMEANS_K3_SEED20260911
A61987101,고촌휴먼시아,기장군,철마면,35.2412389633368,129.168774475604,,,,,,,,,,,,,,INSUFFICIENT_CLUSTER_FEATURES,KMEANS_K3_SEED20260911
A61990108,이진캐스빌블루1차,기장군,기장읍교리,35.257149709614,129.218781350427,LM009,기장군|기장읍교리,LEGAL_DONG,HIGH,1.0,0.0,0.0,1.0,30.0,기장읍교리,1.0,False,True,LOW_SAMPLE,KMEANS_K3_SEED20260911
A61990110,이지더원,기장군,정관읍모전리,35.339608265985,129.163228660489,LM018,기장군|정관읍모전리,LEGAL_DONG,HIGH,1.0,0.0,0.0,6.0,236.0,정관읍모전리,1.0,False,True,LOW_SAMPLE,KMEANS_K3_SEED20260911
A61990213,내리 휴먼시아1단지,기장군,기장읍,35.2064152115452,129.206183804465,,,,,,,,,,,,,,INSUFFICIENT_CLUSTER_FEATURES,KMEANS_K3_SEED20260911
A61990514,한신,기장군,기장읍동부리,35.2493632613563,129.215284348333,LM011,기장군|기장읍동부리,LEGAL_DONG,HIGH,1.0,2.0,2.0,1.0,37.0,기장읍동부리,1.0,False,True,LOW_SAMPLE,KMEANS_K3_SEED20260911
A61990609,청강주공,기장군,기장읍청강리,35.2337923919873,129.217097183856,LM013,기장군|기장읍청강리,LEGAL_DONG,HIGH,1.0,2.0,2.0,4.0,88.0,기장읍청강리,1.0,False,True,LOW_SAMPLE,KMEANS_K3_SEED20260911
A61996005,정관신도시롯데캐슬,기장군,정관읍용수리,35.3287252037714,129.170203180461,LM020,기장군|정관읍용수리,LEGAL_DONG,HIGH,1.0,0.0,0.0,6.0,224.0,정관읍용수리,1.0,False,True,LOW_SAMPLE,KMEANS_K3_SEED20260911
A61996102,정관센트럴파크,기장군,정관읍달산리,35.3208722774513,129.185257823533,LM016,기장군|정관읍달산리,LEGAL_DONG,HIGH,1.0,0.0,0.0,2.0,58.0,정관읍달산리,1.0,False,True,LOW_SAMPLE,KMEANS_K3_SEED20260911
A61996103,정관신도시휴먼시아2단지,기장군,정관읍,35.3325667795984,129.163135942024,,,,,,,,,,,,,,INSUFFICIENT_CLUSTER_FEATURES,KMEANS_K3_SEED20260911
A61996105,정관LH4단지,기장군,정관읍,35.3213577048247,129.19161786453,,,,,,,,,,,,,,INSUFFICIENT_CLUSTER_FEATURES,KMEANS_K3_SEED20260911
A61996106,이지더원2차,기장군,정관읍모전리,35.3332892479738,129.162836632655,LM018,기장군|정관읍모전리,LEGAL_DONG,HIGH,1.0,0.0,0.0,6.0,236.0,정관읍모전리,1.0,False,True,LOW_SAMPLE,KMEANS_K3_SEED20260911
A61996107,정관동일스위트1차,기장군,정관읍용수리,35.3250819627634,129.170299506937,LM020,기장군|정관읍용수리,LEGAL_DONG,HIGH,1.0,0.0,0.0,6.0,224.0,정관읍용수리,1.0,False,True,LOW_SAMPLE,KMEANS_K3_SEED20260911
A61996108,정관1차동원로얄듀크,기장군,정관읍달산리,35.3186287861828,129.191582018242,LM016,기장군|정관읍달산리,LEGAL_DONG,HIGH,1.0,0.0,0.0,2.0,58.0,정관읍달산리,1.0,False,True,LOW_SAMPLE,KMEANS_K3_SEED20260911
A61996109,정관롯데캐슬2차,기장군,정관읍모전리,35.3299435263106,129.168350271631,LM018,기장군|정관읍모전리,LEGAL_DONG,HIGH,1.0,0.0,0.0,6.0,236.0,정관읍모전리,1.0,False,True,LOW_SAMPLE,KMEANS_K3_SEED20260911
A61996110,정관동일스위트2차,기장군,정관읍모전리,35.3284797639747,129.165298856214,LM018,기장군|정관읍모전리,LEGAL_DONG,HIGH,1.0,0.0,0.0,6.0,236.0,정관읍모전리,1.0,False,True,LOW_SAMPLE,KMEANS_K3_SEED20260911
A61996111,정관2차동원로얄듀크,기장군,정관읍매학리,35.3194888818563,129.174541443359,LM017,기장군|정관읍매학리,LEGAL_DONG,HIGH,1.0,0.0,0.0,1.0,61.0,정관읍매학리,1.0,False,True,LOW_SAMPLE,KMEANS_K3_SEED20260911
A61996112,정관신도시LH5단지,기장군,정관읍,35.3185153395743,129.184832886432,,,,,,,,,,,,,,INSUFFICIENT_CLUSTER_FEATURES,KMEANS_K3_SEED20260911
A61996114,동일스위트3차,기장군,정관읍모전리,35.3373572475758,129.164573512814,LM018,기장군|정관읍모전리,LEGAL_DONG,HIGH,1.0,0.0,0.0,6.0,236.0,정관읍모전리,1.0,False,True,LOW_SAMPLE,KMEANS_K3_SEED20260911
A61996115,이진캐스빌,기장군,정관읍용수리,35.3223008727583,129.174844142098,LM020,기장군|정관읍용수리,LEGAL_DONG,HIGH,1.0,0.0,0.0,6.0,224.0,정관읍용수리,1.0,False,True,LOW_SAMPLE,KMEANS_K3_SEED20260911
A61996204,정관현진에버빌,기장군,정관읍모전리,35.3343012698951,129.169207448176,LM018,기장군|정관읍모전리,LEGAL_DONG,HIGH,1.0,0.0,0.0,6.0,236.0,정관읍모전리,1.0,False,True,LOW_SAMPLE,KMEANS_K3_SEED20260911
A61996303,정관신동아파밀리에,기장군,정관읍용수리,35.3261462988127,129.177261615111,LM020,기장군|정관읍용수리,LEGAL_DONG,HIGH,1.0,0.0,0.0,6.0,224.0,정관읍용수리,1.0,False,True,LOW_SAMPLE,KMEANS_K3_SEED20260911
A61996306,정관신도시한진해모로,기장군,정관읍용수리,35.3224848115304,129.172829068827,LM020,기장군|정관읍용수리,LEGAL_DONG,HIGH,1.0,0.0,0.0,6.0,224.0,정관읍용수리,1.0,False,True,LOW_SAMPLE,KMEANS_K3_SEED20260911
A61996308,정관신도시휴먼시아1단지,기장군,정관읍,35.3251374383525,129.167504647566,,,,,,,,,,,,,,INSUFFICIENT_CLUSTER_FEATURES,KMEANS_K3_SEED20260911
