elementary_school_id,master_school_name,sigungu,closed,suspended,elementary_school_name,school_id_linkage_status
S020001245,눌차초등학교,강서구,Y,N,,MASTER_CLOSED_NOT_IN_2026_API
S020001248,대저중앙초등학교,강서구,Y,N,,MASTER_CLOSED_NOT_IN_2026_API
S020001252,덕도초등학교,강서구,Y,N,,MASTER_CLOSED_NOT_IN_2026_API
S020001272,삼광초등학교,강서구,Y,N,,MASTER_CLOSED_NOT_IN_2026_API
S020001276,세산초등학교,강서구,Y,N,,MASTER_CLOSED_NOT_IN_2026_API
S020001278,송정초등학교,강서구,Y,N,,MASTER_CLOSED_NOT_IN_2026_API
S020000823,서곡초등학교,금정구,Y,N,,MASTER_CLOSED_NOT_IN_2026_API
S020000837,회동초등학교,금정구,Y,N,,MASTER_CLOSED_NOT_IN_2026_API
S020000657,좌성초등학교,동구,Y,N,,MASTER_CLOSED_NOT_IN_2026_API
S020000658,좌천초등학교,동구,Y,N,,MASTER_CLOSED_NOT_IN_2026_API
S020000990,가산초등학교,부산진구,Y,N,,MASTER_CLOSED_NOT_IN_2026_API
S020001033,주원초등학교,부산진구,Y,N,,MASTER_CLOSED_NOT_IN_2026_API
S020001446,감정초등학교,사하구,Y,N,,MASTER_CLOSED_NOT_IN_2026_API
S020001844,위봉초등학교,해운대구,Y,N,,MASTER_CLOSED_NOT_IN_2026_API
S020001238,괘법초등학교,사상구,N,N,,MASTER_OPEN_NOT_IN_2026_API
S020001463,봉삼초등학교,영도구,N,N,,MASTER_OPEN_NOT_IN_2026_API
S020001474,신선초등학교,영도구,N,N,,MASTER_OPEN_NOT_IN_2026_API
S020001235,가락초등학교,강서구,N,N,가락초등학교,MATCHED
S020001244,녹명초등학교,강서구,N,N,녹명초등학교,MATCHED
S020001246,대사초등학교,강서구,N,N,대사초등학교,MATCHED
S020001247,대상초등학교,강서구,N,N,대상초등학교,MATCHED
S020001250,대저초등학교,강서구,N,N,대저초등학교,MATCHED
S020001253,덕두초등학교,강서구,N,N,덕두초등학교,MATCHED
S020001263,명지초등학교,강서구,N,N,명지초등학교,MATCHED
S020001268,배영초등학교,강서구,N,N,배영초등학교,MATCHED
S020001281,신호초등학교,강서구,N,N,신호초등학교,MATCHED
S020001290,천가초등학교,강서구,N,N,천가초등학교,MATCHED
S020002006,명호초등학교,강서구,N,N,명호초등학교,MATCHED
S020002041,남명초등학교,강서구,N,N,남명초등학교,MATCHED
S020002054,녹산초등학교,강서구,N,N,녹산초등학교,MATCHED
S020002202,송정초등학교,강서구,N,N,송정초등학교,MATCHED
S020002213,오션초등학교,강서구,N,N,오션초등학교,MATCHED
S020002232,신명초등학교,강서구,N,N,신명초등학교,MATCHED
S020002257,명일초등학교,강서구,N,N,명일초등학교,MATCHED
S020002276,명원초등학교,강서구,N,N,명원초등학교,MATCHED
S020002353,대저중앙초등학교,강서구,N,N,대저중앙초등학교,MATCHED
S020002361,명문초등학교,강서구,N,N,명문초등학교,MATCHED
S020002370,강서초등학교,강서구,N,N,강서초등학교,MATCHED
S020000642,부산삼육초등학교,금정구,N,N,부산삼육초등학교,MATCHED
S020000800,공덕초등학교,금정구,N,N,공덕초등학교,MATCHED
S020000802,구서초등학교,금정구,N,N,구서초등학교,MATCHED
S020000804,금사초등학교,금정구,N,N,금사초등학교,MATCHED
S020000805,금성초등학교,금정구,N,N,금성초등학교,MATCHED
S020000806,금양초등학교,금정구,N,N,금양초등학교,MATCHED
S020000807,금정초등학교,금정구,N,N,금정초등학교,MATCHED
S020000809,남산초등학교,금정구,N,N,남산초등학교,MATCHED
S020000813,동래초등학교,금정구,N,N,동래초등학교,MATCHED
S020000814,동상초등학교,금정구,N,N,동상초등학교,MATCHED
S020000815,동현초등학교,금정구,N,N,동현초등학교,MATCHED
S020000821,부곡초등학교,금정구,N,N,부곡초등학교,MATCHED
S020000824,서동초등학교,금정구,N,N,서동초등학교,MATCHED
S020000825,서명초등학교,금정구,N,N,서명초등학교,MATCHED
S020000832,장서초등학교,금정구,N,N,장서초등학교,MATCHED
S020000833,장전초등학교,금정구,N,N,장전초등학교,MATCHED
S020000834,청룡초등학교,금정구,N,N,청룡초등학교,MATCHED
S020000835,현곡초등학교,금정구,N,N,현곡초등학교,MATCHED
S020001872,금샘초등학교,금정구,N,N,금샘초등학교,MATCHED
S020001902,두실초등학교,금정구,N,N,두실초등학교,MATCHED
S020002149,금빛초등학교,금정구,N,N,금빛초등학교,MATCHED
S020001648,교리초등학교,기장군,N,N,교리초등학교,MATCHED
S020001649,기장초등학교,기장군,N,N,기장초등학교,MATCHED
S020001651,용암초등학교,기장군,N,N,용암초등학교,MATCHED
S020001652,대청초등학교,기장군,N,N,대청초등학교,MATCHED
S020001672,신진초등학교,기장군,N,N,신진초등학교,MATCHED
S020001676,월내초등학교,기장군,N,N,월내초등학교,MATCHED
S020001677,월평초등학교,기장군,N,N,월평초등학교,MATCHED
S020001681,장안초등학교,기장군,N,N,장안초등학교,MATCHED
S020001683,정관초등학교,기장군,N,N,정관초등학교,MATCHED
S020001686,좌천초등학교,기장군,N,N,좌천초등학교,MATCHED
S020001687,죽성초등학교,기장군,N,N,죽성초등학교,MATCHED
S020001688,철마초등학교,기장군,N,N,철마초등학교,MATCHED
S020001689,칠암초등학교,기장군,N,N,칠암초등학교,MATCHED
S020002003,내리초등학교,기장군,N,N,내리초등학교,MATCHED
S020002010,신정초등학교,기장군,N,N,신정초등학교,MATCHED
S020002016,달산초등학교,기장군,N,N,달산초등학교,MATCHED
S020002053,방곡초등학교,기장군,N,N,방곡초등학교,MATCHED
S020002071,정원초등학교,기장군,N,N,정원초등학교,MATCHED
S020002182,모전초등학교,기장군,N,N,모전초등학교,MATCHED
S020002198,가동초등학교,기장군,N,N,가동초등학교,MATCHED
S020002277,일광초등학교,기장군,N,N,일광초등학교,MATCHED
S020002312,해빛초등학교,기장군,N,N,해빛초등학교,MATCHED
S020000628,대남초등학교,남구,N,N,대남초등학교,MATCHED
S020000629,대연초등학교,남구,N,N,대연초등학교,MATCHED
S020000630,대천초등학교,남구,N,N,대천초등학교,MATCHED
S020000633,동천초등학교,남구,N,N,동천초등학교,MATCHED
S020000634,동항초등학교,남구,N,N,동항초등학교,MATCHED
S020000635,문현초등학교,남구,N,N,문현초등학교,MATCHED
S020000637,백운초등학교,남구,N,N,백운초등학교,MATCHED
S020000641,분포초등학교,남구,N,N,분포초등학교,MATCHED
S020000643,석포초등학교,남구,N,N,석포초등학교,MATCHED
S020000645,성동초등학교,남구,N,N,성동초등학교,MATCHED
S020000646,성천초등학교,남구,N,N,성천초등학교,MATCHED
S020000649,신연초등학교,남구,N,N,신연초등학교,MATCHED
S020000650,연포초등학교,남구,N,N,연포초등학교,MATCHED
S020000651,용당초등학교,남구,N,N,용당초등학교,MATCHED
S020000652,용산초등학교,남구,N,N,용산초등학교,MATCHED
S020000654,용호초등학교,남구,N,N,용호초등학교,MATCHED
S020000655,우암초등학교,남구,N,N,우암초등학교,MATCHED
S020000656,운산초등학교,남구,N,N,운산초등학교,MATCHED
S020001867,용문초등학교,남구,N,N,용문초등학교,MATCHED
S020002001,오륙도초등학교,남구,N,N,오륙도초등학교,MATCHED
S020002045,용소초등학교,남구,N,N,용소초등학교,MATCHED
S020000632,동일중앙초등학교,동구,N,N,동일중앙초등학교,MATCHED
S020000638,범일초등학교,동구,N,N,범일초등학교,MATCHED
S020000644,성남초등학교,동구,N,N,성남초등학교,MATCHED
S020000647,수성초등학교,동구,N,N,수성초등학교,MATCHED
S020000648,수정초등학교,동구,N,N,수정초등학교,MATCHED
S020000660,초량초등학교,동구,N,N,초량초등학교,MATCHED
S020000801,교동초등학교,동래구,N,N,교동초등학교,MATCHED
S020000803,금강초등학교,동래구,N,N,금강초등학교,MATCHED
S020000808,낙민초등학교,동래구,N,N,낙민초등학교,MATCHED
S020000810,내산초등학교,동래구,N,N,내산초등학교,MATCHED
S020000811,내성초등학교,동래구,N,N,내성초등학교,MATCHED
S020000812,달북초등학교,동래구,N,N,달북초등학교,MATCHED
S020000816,명동초등학교,동래구,N,N,명동초등학교,MATCHED
S020000817,명륜초등학교,동래구,N,N,명륜초등학교,MATCHED
S020000818,명서초등학교,동래구,N,N,명서초등학교,MATCHED
S020000819,명장초등학교,동래구,N,N,명장초등학교,MATCHED
S020000820,미남초등학교,동래구,N,N,미남초등학교,MATCHED
S020000822,사직초등학교,동래구,N,N,사직초등학교,MATCHED
S020000826,수안초등학교,동래구,N,N,수안초등학교,MATCHED
S020000827,안남초등학교,동래구,N,N,안남초등학교,MATCHED
S020000828,안락초등학교,동래구,N,N,안락초등학교,MATCHED
S020000829,안민초등학교,동래구,N,N,안민초등학교,MATCHED
S020000830,여고초등학교,동래구,N,N,여고초등학교,MATCHED
S020000831,온천초등학교,동래구,N,N,온천초등학교,MATCHED
S020000836,혜화초등학교,동래구,N,N,혜화초등학교,MATCHED
S020001814,충렬초등학교,동래구,N,N,충렬초등학교,MATCHED
S020001903,안진초등학교,동래구,N,N,안진초등학교,MATCHED
S020001917,예원초등학교,동래구,N,N,예원초등학교,MATCHED
S020002066,온샘초등학교,동래구,N,N,온샘초등학교,MATCHED
S020000989,가남초등학교,부산진구,N,N,가남초등학교,MATCHED
S020000991,가야초등학교,부산진구,N,N,가야초등학교,MATCHED
S020000992,가평초등학교,부산진구,N,N,가평초등학교,MATCHED
S020000993,개금초등학교,부산진구,N,N,개금초등학교,MATCHED
S020000995,개림초등학교,부산진구,N,N,개림초등학교,MATCHED
S020000996,개원초등학교,부산진구,N,N,개원초등학교,MATCHED
S020000997,개포초등학교,부산진구,N,N,개포초등학교,MATCHED
S020000998,개화초등학교,부산진구,N,N,개화초등학교,MATCHED
S020001003,당감초등학교,부산진구,N,N,당감초등학교,MATCHED
S020001004,당평초등학교,부산진구,N,N,당평초등학교,MATCHED
S020001006,동성초등학교,부산진구,N,N,동성초등학교,MATCHED
S020001007,동원초등학교,부산진구,N,N,동원초등학교,MATCHED
S020001008,동평초등학교,부산진구,N,N,동평초등학교,MATCHED
S020001010,부산진초등학교,부산진구,N,N,부산진초등학교,MATCHED
S020001011,부암초등학교,부산진구,N,N,부암초등학교,MATCHED
S020001012,부전초등학교,부산진구,N,N,부전초등학교,MATCHED
S020001013,선암초등학교,부산진구,N,N,선암초등학교,MATCHED
S020001014,성북초등학교,부산진구,N,N,성북초등학교,MATCHED
S020001015,성서초등학교,부산진구,N,N,성서초등학교,MATCHED
S020001016,성전초등학교,부산진구,N,N,성전초등학교,MATCHED
S020001017,성지초등학교,부산진구,N,N,성지초등학교,MATCHED
S020001018,양동초등학교,부산진구,N,N,양동초등학교,MATCHED
S020001019,양성초등학교,부산진구,N,N,양성초등학교,MATCHED
S020001020,양정초등학교,부산진구,N,N,양정초등학교,MATCHED
S020001028,연지초등학교,부산진구,N,N,연지초등학교,MATCHED
S020001030,연학초등학교,부산진구,N,N,연학초등학교,MATCHED
S020001031,전포초등학교,부산진구,N,N,전포초등학교,MATCHED
S020001032,주례초등학교,부산진구,N,N,주례초등학교,MATCHED
S020001035,초읍초등학교,부산진구,N,N,초읍초등학교,MATCHED
S020001890,동양초등학교,부산진구,N,N,동양초등학교,MATCHED
S020001239,구남초등학교,북구,N,N,구남초등학교,MATCHED
S020001240,구포초등학교,북구,N,N,구포초등학교,MATCHED
S020001242,금곡초등학교,북구,N,N,금곡초등학교,MATCHED
S020001243,금창초등학교,북구,N,N,금창초등학교,MATCHED
S020001251,대천리초등학교,북구,N,N,대천리초등학교,MATCHED
S020001255,덕성초등학교,북구,N,N,덕성초등학교,MATCHED
S020001256,덕양초등학교,북구,N,N,덕양초등학교,MATCHED
S020001257,덕천초등학교,북구,N,N,덕천초등학교,MATCHED
S020001261,만덕초등학교,북구,N,N,만덕초등학교,MATCHED
S020001262,명덕초등학교,북구,N,N,명덕초등학교,MATCHED
S020001269,백산초등학교,북구,N,N,백산초등학교,MATCHED
S020001270,백양초등학교,북구,N,N,백양초등학교,MATCHED
S020001279,신금초등학교,북구,N,N,신금초등학교,MATCHED
S020001280,신천초등학교,북구,N,N,신천초등학교,MATCHED
S020001282,양덕초등학교,북구,N,N,양덕초등학교,MATCHED
S020001283,양천초등학교,북구,N,N,양천초등학교,MATCHED
S020001285,와석초등학교,북구,N,N,와석초등학교,MATCHED
S020001286,용수초등학교,북구,N,N,용수초등학교,MATCHED
S020001294,포천초등학교,북구,N,N,포천초등학교,MATCHED
S020001297,화명초등학교,북구,N,N,화명초등학교,MATCHED
S020001826,금명초등학교,북구,N,N,금명초등학교,MATCHED
S020001840,명진초등학교,북구,N,N,명진초등학교,MATCHED
S020001841,학사초등학교,북구,N,N,학사초등학교,MATCHED
S020001842,화잠초등학교,북구,N,N,화잠초등학교,MATCHED
S020001873,신덕초등학교,북구,N,N,신덕초등학교,MATCHED
S020001874,상학초등학교,북구,N,N,상학초등학교,MATCHED
S020002177,화정초등학교,북구,N,N,화정초등학교,MATCHED
S020001237,감전초등학교,사상구,N,N,감전초등학교,MATCHED
S020001241,구학초등학교,사상구,N,N,구학초등학교,MATCHED
S020001254,덕상초등학교,사상구,N,N,덕상초등학교,MATCHED
S020001258,덕포초등학교,사상구,N,N,덕포초등학교,MATCHED
S020001259,동궁초등학교,사상구,N,N,동궁초등학교,MATCHED
S020001260,동주초등학교,사상구,N,N,동주초등학교,MATCHED
S020001264,모덕초등학교,사상구,N,N,모덕초등학교,MATCHED
S020001265,모동초등학교,사상구,N,N,모동초등학교,MATCHED
S020001266,모라초등학교,사상구,N,N,모라초등학교,MATCHED
S020001267,모산초등학교,사상구,N,N,모산초등학교,MATCHED
S020001271,사상초등학교,사상구,N,N,사상초등학교,MATCHED
S020001273,삼덕초등학교,사상구,N,N,삼덕초등학교,MATCHED
S020001275,서감초등학교,사상구,N,N,서감초등학교,MATCHED
S020001284,엄궁초등학교,사상구,N,N,엄궁초등학교,MATCHED
S020001287,주감초등학교,사상구,N,N,주감초등학교,MATCHED
S020001288,주학초등학교,사상구,N,N,주학초등학교,MATCHED
S020001289,창진초등학교,사상구,N,N,창진초등학교,MATCHED
S020001295,학장초등학교,사상구,N,N,학장초등학교,MATCHED
S020001296,학진초등학교,사상구,N,N,학진초등학교,MATCHED
S020001912,주양초등학교,사상구,N,N,주양초등학교,MATCHED
S020001447,감천초등학교,사하구,N,N,감천초등학교,MATCHED
S020001448,괴정초등학교,사하구,N,N,괴정초등학교,MATCHED
S020001450,구평초등학교,사하구,N,N,구평초등학교,MATCHED
S020001451,낙동초등학교,사하구,N,N,낙동초등학교,MATCHED
S020001454,다대초등학교,사하구,N,N,다대초등학교,MATCHED
S020001455,다선초등학교,사하구,N,N,다선초등학교,MATCHED
S020001456,다송초등학교,사하구,N,N,다송초등학교,MATCHED
S020001457,당리초등학교,사하구,N,N,당리초등학교,MATCHED
S020001466,사남초등학교,사하구,N,N,사남초등학교,MATCHED
S020001467,사동초등학교,사하구,N,N,사동초등학교,MATCHED
S020001468,사하초등학교,사하구,N,N,사하초등학교,MATCHED
S020001470,서천초등학교,사하구,N,N,서천초등학교,MATCHED
S020001472,승학초등학교,사하구,N,N,승학초등학교,MATCHED
S020001473,신남초등학교,사하구,N,N,신남초등학교,MATCHED
S020001475,신촌초등학교,사하구,N,N,신촌초등학교,MATCHED
S020001476,신평초등학교,사하구,N,N,신평초등학교,MATCHED
S020001480,옥천초등학교,사하구,N,N,옥천초등학교,MATCHED
S020001481,응봉초등학교,사하구,N,N,응봉초등학교,MATCHED
S020001482,장림초등학교,사하구,N,N,장림초등학교,MATCHED
S020001486,중현초등학교,사하구,N,N,중현초등학교,MATCHED
S020001493,하남초등학교,사하구,N,N,하남초등학교,MATCHED
S020001494,하단초등학교,사하구,N,N,하단초등학교,MATCHED
S020001496,효림초등학교,사하구,N,N,효림초등학교,MATCHED
S020001870,을숙도초등학교,사하구,N,N,을숙도초등학교,MATCHED
S020001891,보림초등학교,사하구,N,N,보림초등학교,MATCHED
S020001997,몰운대초등학교,사하구,N,N,몰운대초등학교,MATCHED
S020001449,구덕초등학교,서구,N,N,구덕초등학교,MATCHED
S020001452,남부민초등학교,서구,N,N,남부민초등학교,MATCHED
S020001459,대신초등학교,서구,N,N,대신초등학교,MATCHED
S020001462,동신초등학교,서구,N,N,동신초등학교,MATCHED
S020001465,부민초등학교,서구,N,N,부민초등학교,MATCHED
S020001471,송도초등학교,서구,N,N,송도초등학교,MATCHED
S020001477,아미초등학교,서구,N,N,아미초등학교,MATCHED
S020001487,천마초등학교,서구,N,N,천마초등학교,MATCHED
S020001492,토성초등학교,서구,N,N,토성초등학교,MATCHED
S020001495,화랑초등학교,서구,N,N,화랑초등학교,MATCHED
S020002091,부산알로이시오초등학교,서구,N,N,부산알로이시오초등학교,MATCHED
S020001646,광남초등학교,수영구,N,N,광남초등학교,MATCHED
S020001647,광안초등학교,수영구,N,N,광안초등학교,MATCHED
S020001650,남천초등학교,수영구,N,N,남천초등학교,MATCHED
S020001654,망미초등학교,수영구,N,N,망미초등학교,MATCHED
S020001655,민락초등학교,수영구,N,N,민락초등학교,MATCHED
S020001656,민안초등학교,수영구,N,N,민안초등학교,MATCHED
S020001662,배산초등학교,수영구,N,N,배산초등학교,MATCHED
S020001667,수미초등학교,수영구,N,N,수미초등학교,MATCHED
S020001668,수영초등학교,수영구,N,N,수영초등학교,MATCHED
S020001695,호암초등학교,수영구,N,N,호암초등학교,MATCHED
S000003559,부산교육대학교부설초등학교,연제구,N,N,부산교육대학교부설초등학교,MATCHED
S020000999,거제초등학교,연제구,N,N,거제초등학교,MATCHED
S020001000,거학초등학교,연제구,N,N,거학초등학교,MATCHED
S020001001,과정초등학교,연제구,N,N,과정초등학교,MATCHED
S020001002,남문초등학교,연제구,N,N,남문초등학교,MATCHED
S020001005,동명초등학교,연제구,N,N,동명초등학교,MATCHED
S020001021,연동초등학교,연제구,N,N,연동초등학교,MATCHED
S020001022,연미초등학교,연제구,N,N,연미초등학교,MATCHED
S020001023,연산초등학교,연제구,N,N,연산초등학교,MATCHED
S020001024,연서초등학교,연제구,N,N,연서초등학교,MATCHED
S020001025,연신초등학교,연제구,N,N,연신초등학교,MATCHED
S020001026,연일초등학교,연제구,N,N,연일초등학교,MATCHED
S020001027,연제초등학교,연제구,N,N,연제초등학교,MATCHED
S020001029,연천초등학교,연제구,N,N,연천초등학교,MATCHED
S020001034,창신초등학교,연제구,N,N,창신초등학교,MATCHED
S020001036,토현초등학교,연제구,N,N,토현초등학교,MATCHED
S020001453,남항초등학교,영도구,N,N,남항초등학교,MATCHED
S020001458,대교초등학교,영도구,N,N,대교초등학교,MATCHED
S020001460,대평초등학교,영도구,N,N,대평초등학교,MATCHED
S020001461,동삼초등학교,영도구,N,N,동삼초등학교,MATCHED
S020001464,봉학초등학교,영도구,N,N,봉학초등학교,MATCHED
S020001469,상리초등학교,영도구,N,N,상리초등학교,MATCHED
S020001478,영도초등학교,영도구,N,N,영도초등학교,MATCHED
S020001483,절영초등학교,영도구,N,N,절영초등학교,MATCHED
S020001484,중리초등학교,영도구,N,N,중리초등학교,MATCHED
S020001488,청동초등학교,영도구,N,N,청동초등학교,MATCHED
S020001489,청학초등학교,영도구,N,N,청학초등학교,MATCHED
S020001491,태종대초등학교,영도구,N,N,태종대초등학교,MATCHED
S020000625,광일초등학교,중구,N,N,광일초등학교,MATCHED
S020000626,남성초등학교,중구,N,N,남성초등학교,MATCHED
S020000639,보수초등학교,중구,N,N,보수초등학교,MATCHED
S020000640,봉래초등학교,중구,N,N,봉래초등학교,MATCHED
S020001645,강동초등학교,해운대구,N,N,강동초등학교,MATCHED
S020001653,동백초등학교,해운대구,N,N,동백초등학교,MATCHED
S020001657,반산초등학교,해운대구,N,N,반산초등학교,MATCHED
S020001658,반석초등학교,해운대구,N,N,반석초등학교,MATCHED
S020001659,반송초등학교,해운대구,N,N,반송초등학교,MATCHED
S020001660,반안초등학교,해운대구,N,N,반안초등학교,MATCHED
S020001661,반여초등학교,해운대구,N,N,반여초등학교,MATCHED
S020001663,부흥초등학교,해운대구,N,N,부흥초등학교,MATCHED
S020001664,상당초등학교,해운대구,N,N,상당초등학교,MATCHED
S020001665,송운초등학교,해운대구,N,N,송운초등학교,MATCHED
S020001666,송정초등학교,해운대구,N,N,송정초등학교,MATCHED
S020001669,신곡초등학교,해운대구,N,N,신곡초등학교,MATCHED
S020001670,신도초등학교,해운대구,N,N,신도초등학교,MATCHED
S020001671,신재초등학교,해운대구,N,N,신재초등학교,MATCHED
S020001673,양운초등학교,해운대구,N,N,양운초등학교,MATCHED
S020001674,운봉초등학교,해운대구,N,N,운봉초등학교,MATCHED
S020001675,운송초등학교,해운대구,N,N,운송초등학교,MATCHED
S020001680,장산초등학교,해운대구,N,N,장산초등학교,MATCHED
S020001682,재송초등학교,해운대구,N,N,재송초등학교,MATCHED
S020001684,좌동초등학교,해운대구,N,N,좌동초등학교,MATCHED
S020001685,좌산초등학교,해운대구,N,N,좌산초등학교,MATCHED
S020001690,해강초등학교,해운대구,N,N,해강초등학교,MATCHED
S020001691,해동초등학교,해운대구,N,N,해동초등학교,MATCHED
S020001692,해림초등학교,해운대구,N,N,해림초등학교,MATCHED
S020001693,해송초등학교,해운대구,N,N,해송초등학교,MATCHED
S020001694,해운대초등학교,해운대구,N,N,해운대초등학교,MATCHED
S020001843,인지초등학교,해운대구,N,N,인지초등학교,MATCHED
S020001892,무정초등학교,해운대구,N,N,무정초등학교,MATCHED
S020001904,삼어초등학교,해운대구,N,N,삼어초등학교,MATCHED
S020001905,센텀초등학교,해운대구,N,N,센텀초등학교,MATCHED
S020001906,송수초등학교,해운대구,N,N,송수초등학교,MATCHED
S020002055,해원초등학교,해운대구,N,N,해원초등학교,MATCHED
