gu,legal_dong,apartment_count,high_model_count,medium_model_count,median_gap,p25,p75,positive_share,negative_share,strong_undervalued_count,strong_overvalued_count,median_interval_width,dong_bias_flag
강서구,강동동,3,0,3,3.8899154039434114,3.54171530126004,9.007326567195816,1.0,0.0,0,0,98.03771790251965,False
강서구,명지동,23,23,0,8.784080433664233,3.8376332062183938,13.264897807907182,0.782608695652174,0.08695652173913043,0,0,57.54583522180605,False
강서구,신호동,3,0,3,9.320587503713963,7.690877587187284,11.507251102564931,1.0,0.0,0,0,98.03771790251966,False
강서구,지사동,3,0,3,15.887110372922585,15.830006581620415,22.202137240597885,1.0,0.0,0,0,98.03771790251967,True
강서구,화전동,1,0,1,8.235165097813901,8.235165097813901,8.235165097813901,1.0,0.0,0,0,98.03771790251965,False
금정구,구서동,7,7,0,3.9959036141672177,-3.5621168207498886,12.025880005757594,0.5714285714285714,0.2857142857142857,0,0,69.74080139346268,False
금정구,부곡동,8,8,0,2.8010153466420884,-1.450649344616381,18.921661398788196,0.5,0.125,0,0,75.33618306020227,False
금정구,장전동,5,0,5,-1.4569782717087865,-3.4868281442142823,0.25691623981614065,0.0,0.4,0,0,43.726962617365935,False
금정구,청룡동,1,0,1,30.933326250828653,30.933326250828653,30.933326250828653,1.0,0.0,0,0,98.03771790251967,True
기장군,기장읍교리,1,0,1,6.2324095262174195,6.2324095262174195,6.2324095262174195,1.0,0.0,0,0,98.03771790251965,False
기장군,기장읍내리,1,0,1,11.955909527179841,11.955909527179841,11.955909527179841,1.0,0.0,0,0,98.03771790251936,False
기장군,기장읍동부리,1,0,1,10.434693457907795,10.434693457907795,10.434693457907795,1.0,0.0,0,0,98.03771790251967,False
기장군,기장읍서부리,1,0,1,1.1989535139620866,1.1989535139620866,1.1989535139620866,0.0,0.0,0,0,98.03771790251965,False
기장군,기장읍청강리,4,0,4,23.890726734269805,8.015557285557222,37.41577908065431,0.75,0.25,0,0,98.03771790251966,True
기장군,일광읍삼성리,6,6,0,-0.7850259394224679,-1.9350695260881374,-0.4726513893231421,0.0,0.0,0,0,37.21602712691088,False
기장군,일광읍이천리,1,0,1,7.418255428262022,7.418255428262022,7.418255428262022,1.0,0.0,0,0,98.03771790251936,False
기장군,정관읍달산리,2,0,2,7.1913351178842575,6.105624647441776,8.277045588326738,1.0,0.0,0,0,98.03771790251966,False
기장군,정관읍매학리,1,0,1,4.218276372099616,4.218276372099616,4.218276372099616,1.0,0.0,0,0,98.03771790251966,False
기장군,정관읍모전리,6,6,0,5.787543680816432,2.7317544940805627,7.49443766262321,0.6666666666666666,0.0,0,0,53.53701213856359,False
기장군,정관읍방곡리,1,0,1,7.897856851944596,7.897856851944596,7.897856851944596,1.0,0.0,0,0,98.03771790251966,False
기장군,정관읍용수리,6,6,0,9.476722931182834,-3.5652325737193733,15.929744745976937,0.6666666666666666,0.3333333333333333,0,0,66.27474838395409,False
남구,감만동,2,0,2,14.48725115827295,9.511526422056155,19.462975894489748,1.0,0.0,0,0,98.03771790251966,True
남구,대연동,12,12,0,2.1687203089227003,-6.173165758640728,7.7938597730132,0.4166666666666667,0.3333333333333333,0,0,54.25017571867487,False
남구,문현동,7,7,0,0.9998734646377683,-2.8058047494772973,11.009858589447099,0.2857142857142857,0.2857142857142857,0,0,48.11557121476924,False
남구,용당동,2,0,2,3.1367906044060145,-0.0975610331927168,6.371142242004746,0.5,0.5,0,0,98.03771790251966,False
남구,용호동,9,9,0,3.889246621454734,-4.088982776536398,9.864709104706048,0.5555555555555556,0.3333333333333333,0,0,70.72835389685706,False
남구,우암동,1,0,1,20.466410503610355,20.466410503610355,20.466410503610355,1.0,0.0,0,0,98.03771790251967,True
동구,범일동,4,0,4,1.2582430502823205,-4.112815012804205,14.72435158395053,0.5,0.25,0,0,98.03771790251966,False
동구,수정동,1,0,1,-1.5065494569795779,-1.5065494569795779,-1.5065494569795779,0.0,0.0,0,0,98.03771790251966,False
동구,좌천동,1,0,1,2.3721243528873615,2.3721243528873615,2.3721243528873615,0.0,0.0,0,0,98.03771790251967,False
동구,초량동,2,0,2,2.1945265112458197,-2.6240194372768197,7.013072459768459,0.5,0.5,0,0,98.03771790251938,False
동래구,낙민동,6,6,0,6.031998655382321,5.89554504856295,9.646131424293985,0.8333333333333334,0.16666666666666666,0,0,58.38446886202263,False
동래구,명륜동,5,0,5,-3.577046404784323,-5.519997027753987,-3.4534685242995855,0.0,0.8,0,0,42.39372505315593,False
동래구,명장동,2,0,2,4.528110450200024,-2.2671091673225092,11.323330067722557,0.5,0.5,0,0,98.03771790251952,False
동래구,복천동,1,0,1,4.207499727170738,4.207499727170738,4.207499727170738,1.0,0.0,0,0,98.03771790251965,False
동래구,사직동,9,9,0,1.94217568677848,-5.07776836067273,9.676308086202923,0.3333333333333333,0.4444444444444444,0,0,69.85239772128439,False
동래구,안락동,6,6,0,5.233663435571256,0.8991938437920066,8.976766163942763,0.5,0.16666666666666666,0,0,55.05876002157092,False
동래구,온천동,9,9,0,-5.703244381687722,-9.26867296833379,5.340466899521368,0.4444444444444444,0.5555555555555556,0,1,62.75467706943266,False
부산진구,가야동,4,0,4,-13.603231072849669,-29.928999572919505,13.027541840450578,0.25,0.5,0,0,98.03771790251966,True
부산진구,개금동,8,8,0,-3.1954141815126125,-11.696629841927594,9.139860704964924,0.375,0.5,1,0,81.15599871543311,False
부산진구,당감동,10,0,10,-8.578596066401278,-30.82037582250591,25.63640995845664,0.5,0.5,0,0,133.07683808374696,False
부산진구,범전동,1,0,1,-2.2573446551487963,-2.2573446551487963,-2.2573446551487963,0.0,0.0,0,0,98.03771790251938,False
부산진구,범천동,5,0,5,0.5840197760036636,-0.031568866941400486,1.2813052713721795,0.2,0.2,1,0,48.696155271529946,False
부산진구,부암동,12,12,0,1.1654992386744834,-5.222800924728885,10.630653701751047,0.4166666666666667,0.3333333333333333,0,0,55.06776397733806,False
부산진구,부전동,2,0,2,17.50065267306715,4.225157782394573,30.77614756373973,0.5,0.5,0,0,98.03771790251966,True
부산진구,양정동,5,0,5,-1.9326275948643334,-2.1703730147412004,4.181694867054286,0.4,0.2,0,0,57.74505665937502,False
부산진구,연지동,6,6,0,-0.1977918122879454,-7.110036777060944,4.34326655058197,0.5,0.5,0,0,61.67986030924704,False
부산진구,전포동,7,7,0,6.379530936539313,-3.529194344699077,14.781385172462691,0.5714285714285714,0.42857142857142855,0,0,38.95354524403557,False
부산진구,초읍동,2,0,2,-4.227197183807113,-7.356436821806996,-1.0979575458072293,0.0,0.5,0,0,98.03771790251952,False
북구,구포동,5,0,5,-0.37682219858694577,-2.671015067411031,4.928263665508137,0.4,0.2,0,0,48.41097467956118,False
북구,금곡동,13,13,0,4.941568223146997,-4.929075829476536,16.360379527501912,0.5384615384615384,0.3076923076923077,0,0,64.74773884625962,False
북구,덕천동,6,6,0,5.7229003648385905,-5.190882906277194,16.03906598236427,0.5,0.3333333333333333,0,0,71.08935424514391,False
북구,만덕동,13,13,0,9.774586678817698,-1.4860284250382105,17.823477733033457,0.6153846153846154,0.23076923076923078,0,0,60.40431576127065,False
북구,화명동,18,18,0,4.547604882084643,-9.535510188622766,14.007368487352084,0.5555555555555556,0.3888888888888889,2,0,67.94807341626614,False
사상구,괘법동,3,0,3,-1.254759436439401,-2.294463210176029,-0.07547928656036484,0.0,0.3333333333333333,0,0,98.03771790251965,False
사상구,덕포동,3,0,3,14.570521595674602,-4.3530618943361326,23.758294167848824,0.6666666666666666,0.3333333333333333,0,0,98.03771790251967,True
사상구,모라동,6,6,0,7.5557975900308225,2.2631500912822067,11.000081354643545,0.6666666666666666,0.16666666666666666,0,0,54.543342131418264,False
사상구,엄궁동,5,0,5,10.958848889278162,3.208986571114947,11.008049863056812,0.8,0.0,0,0,44.175008386533534,False
사상구,주례동,9,9,0,4.556236144702064,-5.608098889871382,8.744613193537077,0.5555555555555556,0.3333333333333333,0,0,65.33453882570369,False
사상구,학장동,10,10,0,4.949625863169205,-2.2976345253770654,11.722230588449156,0.5,0.2,0,0,56.04878504277069,False
사하구,감천동,1,0,1,8.742363005172837,8.742363005172837,8.742363005172837,1.0,0.0,0,0,98.03771790251967,False
사하구,괴정동,3,0,3,0.6013662265169417,-1.1625881601957766,1.7658745452208469,0.0,0.0,0,0,98.0377179025194,False
사하구,구평동,3,0,3,5.1805818202284915,-0.0015913557065871942,24.05390127716259,0.6666666666666666,0.3333333333333333,0,0,98.03771790251966,False
사하구,다대동,15,15,0,5.733074083512624,-8.32973064085864,18.77083430164318,0.5333333333333333,0.4666666666666667,1,0,77.76462549292515,False
사하구,당리동,1,0,1,2.1809007369090194,2.1809007369090194,2.1809007369090194,0.0,0.0,0,0,98.0377179025194,False
사하구,신평동,6,1,5,2.8055753556258667,-5.983475276354881,5.710407725827343,0.5,0.3333333333333333,0,1,38.86867394652445,False
사하구,장림동,5,0,5,8.385824435720934,7.393843321655158,10.93073464425325,0.8,0.2,0,1,55.01994755767705,False
사하구,하단동,4,0,4,6.623740539664019,-2.505524264330111,21.78177823478533,0.5,0.0,0,0,98.03771790251966,False
서구,동대신동1가,1,0,1,2.674274202642879,2.674274202642879,2.674274202642879,0.0,0.0,0,0,98.03771790251938,False
서구,동대신동3가,1,0,1,9.410112648603208,9.410112648603208,9.410112648603208,1.0,0.0,0,0,98.0377179025194,False
서구,부민동3가,1,0,1,10.897037101546147,10.897037101546147,10.897037101546147,1.0,0.0,0,0,98.03771790251965,False
서구,서대신동1가,1,0,1,3.4836904140383096,3.4836904140383096,3.4836904140383096,1.0,0.0,0,0,98.03771790251936,False
서구,서대신동2가,2,0,2,-0.6897551441046534,-1.3497663223938416,-0.029743965815465234,0.0,0.0,0,0,98.03771790251938,False
서구,서대신동3가,2,0,2,13.3350388173132,5.947280657671936,20.722796976954463,0.5,0.0,0,0,98.03771790251966,False
서구,암남동,2,0,2,-1.1921973796461205,-4.35461156952362,1.9702168102313786,0.5,0.5,0,0,98.03771790251938,False
수영구,광안동,4,0,4,9.682451615082467,-22.180023292586533,39.013651233354935,0.5,0.5,0,0,98.0377179025195,False
수영구,남천동,5,0,5,-6.368741951662827,-9.311458974991481,-2.2964680747720068,0.0,0.6,0,0,52.64169039327688,False
수영구,망미동,4,0,4,-6.410845801172011,-9.806118962359983,6.921116068329805,0.25,0.75,0,0,98.03771790251966,False
수영구,민락동,5,0,5,-0.22128634093284694,-0.8452692829377662,2.8058710111286578,0.2,0.2,0,0,62.59727573608414,False
수영구,수영동,2,0,2,1.9594636194444242,-9.097793281984606,13.016720520873454,0.5,0.5,0,0,98.03771790251952,False
연제구,거제동,10,10,0,-1.9062385592092779,-12.406657251135488,6.522155278263947,0.4,0.5,1,0,85.06827695914018,False
연제구,연산동,16,16,0,-0.6377020944390133,-6.873762068229619,12.832806230277296,0.4375,0.5,0,0,80.83105992950661,False
영도구,동삼동,7,7,0,7.161846554912277,2.598524902230692,23.00615915055574,0.5714285714285714,0.14285714285714285,0,0,89.78005890718237,False
영도구,봉래동2가,1,0,1,4.821893691884327,4.821893691884327,4.821893691884327,1.0,0.0,0,0,98.03771790251967,False
영도구,봉래동4가,1,0,1,1.404354777228134,1.404354777228134,1.404354777228134,0.0,0.0,0,0,98.0377179025194,False
영도구,영선동4가,1,0,1,1.6027916066480241,1.6027916066480241,1.6027916066480241,0.0,0.0,0,0,98.03771790251966,False
영도구,청학동,2,0,2,14.125282343168534,2.974188828939056,25.276375857398012,0.5,0.5,0,0,98.03771790251966,True
해운대구,반송동,3,0,3,21.400829868762482,12.116719631414297,25.537190230528537,0.6666666666666666,0.0,0,0,98.03771790251967,True
해운대구,반여동,13,13,0,3.112192138859138,-8.904087505100645,14.804344548156735,0.5384615384615384,0.46153846153846156,0,0,82.30851706251671,False
해운대구,우동,19,0,19,0.11833772258220687,-11.648497526661117,23.530758791478135,0.3684210526315789,0.47368421052631576,0,1,106.22969579054208,False
해운대구,재송동,11,0,11,6.772213927421622,-8.378178046281299,49.43668087070823,0.5454545454545454,0.45454545454545453,2,0,104.66698005288264,False
해운대구,좌동,28,28,0,1.778758302244976,-4.495736179076971,9.242925452949862,0.4642857142857143,0.2857142857142857,0,0,67.79805393696266,False
해운대구,중동,5,0,5,0.7772894730848634,-0.15192858602923742,1.9963796360436215,0.0,0.0,0,0,59.34542425466478,False
