district,legal_dong,apartment_count,transaction_count,fallback_level,model_type,rmse,mae,r2,median_error,bias,school_coefficient,school_effect_direction,model_confidence
강서구,강동동,3,7,1,F,0.11848564754494618,0.09339161143972419,-0.6308961170305074,-0.07409168194816118,-0.07938296617276462,0.10137589359511523,POSITIVE,LOW
강서구,명지동,23,1669,0,F,0.1648944976013354,0.14003802038647148,0.47952298383548675,-0.13206447696434154,-0.13226015137984248,0.042512110815374864,POSITIVE,HIGH
강서구,신호동,3,52,1,F,0.12435187101814826,0.10338440248067826,-0.13257860127653842,-0.08620961368508429,-0.075707502814853,0.10137589359511523,POSITIVE,MEDIUM
강서구,지사동,3,268,1,F,0.25190097939512907,0.23518640293909227,-4.7950061254573155,-0.2307249860014764,-0.23370920117195107,0.10137589359511523,POSITIVE,MEDIUM
강서구,화전동,1,14,1,F,0.19351397268408074,0.1824707498633427,-10.364984001128821,-0.20670490736907254,-0.1824707498633427,0.10137589359511523,POSITIVE,LOW
금정구,구서동,7,382,0,F,0.1801447632648681,0.13143394983982948,0.6246910959240692,-0.08234057134539174,-0.11064423005581368,0.25072615176376695,POSITIVE,HIGH
금정구,부곡동,8,426,0,F,0.21978038223326604,0.17239933258963733,0.6354138888910938,-0.12540079655817138,-0.15348409403118915,-0.03552625468637094,NEGATIVE,HIGH
금정구,장전동,5,532,0,F,0.09509696509718427,0.0728175417962297,0.8904809475677726,-0.02975484969712383,-0.032521116886635726,0.6683362619201386,POSITIVE,HIGH
금정구,청룡동,1,22,1,F,0.3386958068754609,0.3098224631491771,-6.82796511497166,-0.31275279529968447,-0.2807384724535112,0.10137589359511523,POSITIVE,LOW
기장군,기장읍교리,1,33,1,F,0.1490025786973299,0.13641287482617032,-5.204207122341635,-0.13127751852968217,-0.13291073124839345,0.10137589359511523,POSITIVE,MEDIUM
기장군,기장읍내리,1,29,1,F,0.21381561029798465,0.2047476696126952,-7.526931608890084,-0.1930708044022449,-0.2047476696126952,0.10137589359511523,POSITIVE,LOW
기장군,기장읍동부리,1,53,1,F,0.16427614313987057,0.14483261649174906,-1.6051639496884786,-0.1383329671997764,-0.12356682020271445,0.10137589359511523,POSITIVE,MEDIUM
기장군,기장읍서부리,1,30,1,F,0.09002129820605054,0.07683217453742414,-0.5480483771682725,-0.043228422410424905,-0.03724854763001779,0.10137589359511523,POSITIVE,MEDIUM
기장군,기장읍청강리,4,118,1,F,0.3000686411111991,0.26670031863760213,-0.5161726829584521,-0.294742202731034,-0.24904189203807384,0.10137589359511523,POSITIVE,MEDIUM
기장군,일광읍삼성리,6,429,0,F,0.057394508410903156,0.04401799230485794,0.6941890547145741,-0.006919201063039893,-0.0023038246759839974,-0.034965530430126665,NEGATIVE,HIGH
기장군,일광읍이천리,1,48,1,F,0.12593065014158333,0.10838768643509115,-0.3237480835890125,-0.0873065666330266,-0.08234290386551635,0.10137589359511523,POSITIVE,MEDIUM
기장군,정관읍달산리,2,94,1,F,0.13940249714861933,0.12930909066235854,-4.155992017679574,-0.12464683001704024,-0.12897569835450196,0.10137589359511523,POSITIVE,MEDIUM
기장군,정관읍매학리,1,86,1,F,0.10358981004497335,0.09729942256258081,-4.725973371313777,-0.09359935360548466,-0.09729942256258081,0.10137589359511523,POSITIVE,MEDIUM
기장군,정관읍모전리,6,367,0,F,0.20151302548940506,0.18757901497307006,-3.9237259894258036,-0.18041476830113012,-0.1873629072023398,-0.003661762324333063,NEGATIVE,HIGH
기장군,정관읍방곡리,1,41,1,F,0.1544400680655581,0.14200627328636062,-4.753168761211092,-0.14862898813851189,-0.13935217691146237,0.10137589359511523,POSITIVE,MEDIUM
기장군,정관읍용수리,6,340,0,F,0.18490382489410706,0.15831740386946724,-0.8800560603148495,-0.15198578611575186,-0.14792586800115734,0.000594689888882077,POSITIVE,HIGH
남구,감만동,2,49,1,F,0.23245784149188448,0.1960142326469904,-0.18923142272330007,-0.16654325762047684,-0.17053547094835955,0.10137589359511523,POSITIVE,MEDIUM
남구,대연동,12,1428,0,F,0.1363194390768147,0.11005928260414265,0.8802541604447031,0.05880722081726031,0.05385609138069779,0.4897641171848316,POSITIVE,HIGH
남구,문현동,7,424,0,F,0.13365626328746025,0.10352260536553232,0.8059133490535519,-0.011450526455870857,-0.02452362774857685,0.09713473416377566,POSITIVE,HIGH
남구,용당동,2,58,1,F,0.12265358371818529,0.09007815109079331,-0.03485673435963332,-0.04246503736337903,-0.06648357832819567,0.10137589359511523,POSITIVE,MEDIUM
남구,용호동,9,1028,0,F,0.19136806540284362,0.15389254581881875,0.7757421063585833,-0.10678502204255302,-0.11260438524302795,0.35003312902251227,POSITIVE,HIGH
남구,우암동,1,22,2,F,0.2550289441322027,0.23642857641993498,-6.743845699884578,-0.24374054851975036,-0.23642857641993498,0.10137589359511523,POSITIVE,LOW
동구,범일동,4,289,1,F,0.17703031562493005,0.1333740949126417,0.7709934421832751,0.06690673746379794,0.035747395004666595,0.10137589359511523,POSITIVE,MEDIUM
동구,수정동,1,42,1,F,0.10459848337629168,0.0871216309820108,-0.28039057088887254,-0.05319052612968189,-0.04724066233967709,0.10137589359511523,POSITIVE,MEDIUM
동구,좌천동,1,39,1,F,0.05968298150374601,0.04970403148958374,-0.5723255388693795,-0.04198698510495902,-0.040843138394060466,0.10137589359511523,POSITIVE,MEDIUM
동구,초량동,2,143,1,F,0.14491506732554638,0.11330401532867429,-0.6364833590861079,-0.07677076029418473,-0.08595812183294264,0.10137589359511523,POSITIVE,MEDIUM
동래구,낙민동,6,221,0,F,0.15645383495222068,0.1218539284518877,0.6728310675874414,-0.08896209617906159,-0.10668991894890485,-0.4358905288202599,NEGATIVE,HIGH
동래구,명륜동,5,458,0,F,0.10307692941789641,0.08207404888093421,0.7151232332271074,0.046746629159892805,0.047286200340673046,0.3861774001478577,POSITIVE,HIGH
동래구,명장동,2,191,1,F,0.1474772347341487,0.11207071901498461,0.2220536246706235,-0.0015194647006371298,-0.054425964429696015,0.10137589359511523,POSITIVE,MEDIUM
동래구,복천동,1,29,1,F,0.15983597894153215,0.1314886778320922,-0.329672677992902,-0.1182507394118808,-0.12768709371521778,0.10137589359511523,POSITIVE,LOW
동래구,사직동,9,783,0,F,0.14666680302868285,0.11524186527489245,0.8915979619362515,0.0160637462373181,0.0070411444542472605,0.13261953240922608,POSITIVE,HIGH
동래구,안락동,6,389,0,F,0.16778872558271316,0.14439785196835128,0.49704937390582316,-0.14244100511340285,-0.1416485926933422,-0.0018014225294253978,NEGATIVE,HIGH
동래구,온천동,9,1006,0,F,0.15079192565822708,0.11932850542582189,0.7379133667502968,0.05600302216537756,0.04284330811317677,-0.02982714110160998,NEGATIVE,HIGH
부산진구,가야동,4,223,1,F,0.33320867066247295,0.28846498769629225,0.6136544630442282,0.2885648553149043,0.13764416766893234,0.10137589359511523,POSITIVE,MEDIUM
부산진구,개금동,8,522,0,F,0.22440505998296595,0.1708708438462773,0.7812777344758621,-0.06484758379527733,-0.08179725975183397,0.3767278653427999,POSITIVE,HIGH
부산진구,당감동,10,559,0,F,0.382050561860263,0.330012606203733,0.14334565868198057,-0.08393599062973145,0.017161864519982434,-0.13614417110197702,NEGATIVE,HIGH
부산진구,범전동,1,114,1,F,0.08097131606803676,0.062233902912034185,-0.15632825308820353,-0.022945170252254954,-0.0322462110431325,0.10137589359511523,POSITIVE,MEDIUM
부산진구,범천동,5,282,0,F,0.13305447801160533,0.09991735138509301,0.8695114366535192,0.02190020816250904,0.004997802467374111,-0.013392002426404237,NEGATIVE,HIGH
부산진구,부암동,12,605,0,F,0.2112077563595713,0.16577501887003238,0.597515268886259,-0.12216388649227383,-0.14358590334377339,0.13238361447532862,POSITIVE,HIGH
부산진구,부전동,2,101,2,F,0.2973960151529998,0.22996065067428562,0.32823853142225534,-0.056749448104122635,-0.16558099766466824,0.10137589359511523,POSITIVE,MEDIUM
부산진구,양정동,5,488,1,F,0.140695254771525,0.09840192582336249,0.8521058553092133,-0.013858931443083478,-0.04241192203635246,0.10137589359511523,POSITIVE,HIGH
부산진구,연지동,6,426,0,F,0.15395013049382106,0.11874213885044581,0.8828966415980045,0.04308964136003901,0.002001532005379938,0.0,ZERO,HIGH
부산진구,전포동,7,669,0,F,0.0961761110015975,0.07380809289687598,0.942424924356268,0.03274129128828385,0.019449727834954578,0.11182361109912087,POSITIVE,HIGH
부산진구,초읍동,2,195,1,F,0.06924663242048794,0.053245025323206435,0.5779328417484044,0.01521827746613802,0.021347216712285955,0.10137589359511523,POSITIVE,MEDIUM
북구,구포동,5,317,0,F,0.16108787677052547,0.12518828382596106,0.8307424362312308,-0.10165877528877054,-0.1092953655961759,0.5461370012708066,POSITIVE,HIGH
북구,금곡동,13,574,0,F,0.20287781826736276,0.1650422573271724,0.7900560209440269,-0.08662563502445142,-0.08989636137422993,0.04115289330428865,POSITIVE,HIGH
북구,덕천동,6,253,1,F,0.31149512231028775,0.28591224487762507,0.7147735776502873,0.16038540231406273,0.008153031593054152,0.10137589359511523,POSITIVE,HIGH
북구,만덕동,13,820,0,F,0.1667289510614952,0.12989332412124954,0.7937627982352867,-0.08214497904384377,-0.10063150668532375,0.22728605815879419,POSITIVE,HIGH
북구,화명동,18,1727,0,F,0.19467371640198675,0.14751730847701683,0.7510954187655108,-0.04728566622746122,-0.05767746893032835,0.23904543054145572,POSITIVE,HIGH
사상구,괘법동,3,188,1,F,0.09171893259998652,0.062176965513725625,0.8736673457449882,-0.006734207343571441,-0.019806480080616744,0.10137589359511523,POSITIVE,MEDIUM
사상구,덕포동,3,193,1,F,0.31718666881797714,0.29952302686624965,0.6693271070082847,0.3087902561859668,0.1587853028272107,0.10137589359511523,POSITIVE,MEDIUM
사상구,모라동,6,289,0,F,0.2022334104632841,0.16610911372627987,-0.32778795947314565,-0.14257912213476942,-0.1467330689221055,-0.01896696585979373,NEGATIVE,HIGH
사상구,엄궁동,5,203,0,F,0.18492967764066118,0.15839586895715005,0.41502455538568983,-0.1548127961544754,-0.1547114120868205,-0.0012780779231482359,NEGATIVE,HIGH
사상구,주례동,9,407,0,F,0.17544413443295534,0.13442683121603238,0.8179084227786635,-0.04881303473312215,-0.06524246298561512,-0.013781841716594388,NEGATIVE,HIGH
사상구,학장동,10,274,0,F,0.18969285690476284,0.1504468182625329,0.6045975058136899,-0.10303102466333147,-0.11109232292444365,-0.2038346481790847,NEGATIVE,HIGH
사하구,감천동,1,35,1,F,0.17818247027165282,0.15989192564176788,-1.3650207977025612,-0.1635076771956605,-0.14145254408362185,0.10137589359511523,POSITIVE,MEDIUM
사하구,괴정동,3,232,1,F,0.08956606536767939,0.06732118758053635,0.4284223789527617,-0.04812049708386912,-0.0559044065250533,0.10137589359511523,POSITIVE,MEDIUM
사하구,구평동,3,179,1,F,0.16911913567666453,0.1160361839137371,0.5606947080572762,-0.07788384091968048,-0.10116769094594187,0.10137589359511523,POSITIVE,MEDIUM
사하구,다대동,15,953,0,F,0.24122469738074673,0.1989280652995214,0.4768666955307942,-0.16231289219996725,-0.15628172337334267,0.12310548571407837,POSITIVE,HIGH
사하구,당리동,1,25,1,F,0.07637256119739898,0.06727016821539507,0.11329258048400481,-0.06964759796338882,-0.06335637823212878,0.10137589359511523,POSITIVE,LOW
사하구,신평동,5,250,0,F,0.12202088854095315,0.09601871278778529,0.8942350762181461,-0.07103421449106051,-0.08037542422106853,0.46076860797319014,POSITIVE,HIGH
사하구,장림동,5,277,1,F,0.2918316318908929,0.2678215922587438,0.4563321419676759,-0.1906435431254092,-0.09667472859494787,0.10137589359511523,POSITIVE,HIGH
사하구,하단동,4,343,1,F,0.2020309916259217,0.15621306598478116,0.2019927545246918,-0.09056767074245542,-0.11957369199416865,0.10137589359511523,POSITIVE,MEDIUM
서구,동대신동1가,1,46,1,F,0.09863841732361246,0.08148368802707337,-0.5541233193075559,-0.07427911636470963,-0.08148054722628523,0.10137589359511523,POSITIVE,MEDIUM
서구,동대신동3가,1,40,1,F,0.136440074608313,0.11799245600495904,-1.2827705857887968,-0.09391065010092525,-0.10182255476845184,0.10137589359511523,POSITIVE,MEDIUM
서구,부민동3가,1,36,1,F,0.18591981322314924,0.1625549967705867,-2.058027029005918,-0.15798823445203336,-0.15853272211026923,0.10137589359511523,POSITIVE,MEDIUM
서구,서대신동1가,1,96,1,F,0.10165074904329577,0.08271276995003331,-0.09039581665243057,-0.08396602470531889,-0.07343429560284193,0.10137589359511523,POSITIVE,MEDIUM
서구,서대신동2가,2,162,1,F,0.062344101850212996,0.04697164848759238,0.5954693207728728,0.014244448716155489,0.007884630241256395,0.10137589359511523,POSITIVE,MEDIUM
서구,서대신동3가,2,48,1,F,0.1856930356380662,0.13986724193030708,0.6476899392604882,-0.07884812344825498,-0.11778287196368657,0.10137589359511523,POSITIVE,MEDIUM
서구,암남동,2,209,1,F,0.12295497127751116,0.10688399484278911,0.1113718122764098,-0.06520761025801214,-0.03729246533687359,0.10137589359511523,POSITIVE,MEDIUM
수영구,광안동,4,248,1,F,0.32772560881367857,0.29475563594193277,0.5929906183265307,0.08627700442468722,-0.026601183695556398,0.10137589359511523,POSITIVE,MEDIUM
수영구,남천동,5,616,0,F,0.15924854599881097,0.12090464951087343,0.21249059772025258,0.07349543171685724,0.09022294348141836,-0.012054530253895246,NEGATIVE,HIGH
수영구,망미동,4,214,1,F,0.1345002310279544,0.08948260753984248,0.8265260738111551,0.0008095711956430662,-0.026240391996578346,0.10137589359511523,POSITIVE,MEDIUM
수영구,민락동,5,331,0,F,0.12840460955154656,0.0991562658433837,0.6222847950164206,-0.04554676039159844,-0.047830667876273956,0.27726725281319003,POSITIVE,HIGH
수영구,수영동,2,57,1,F,0.24260705470467853,0.22017994844102565,-1.8045813558416834,0.13610865756600177,0.04554766019274328,0.10137589359511523,POSITIVE,MEDIUM
연제구,거제동,10,1051,0,F,0.21657289916096503,0.1708749224255301,0.6638066830263274,0.07950630202159736,0.05055049685441445,0.031345904265122924,POSITIVE,HIGH
연제구,연산동,16,1521,0,F,0.17429111043555584,0.138892839960792,0.4974470545066436,0.005893065124185526,-0.025599859901367088,-0.08210670440985013,NEGATIVE,HIGH
영도구,동삼동,6,291,0,F,0.38074883452804037,0.3300575642488153,0.4318957740295444,-0.2746777158778819,-0.24999075663040732,-0.16279275193483037,NEGATIVE,HIGH
영도구,봉래동2가,1,23,1,F,0.09316830130424923,0.07946006286079943,0.09475160295770968,-0.0661525555252318,-0.06829565407686752,0.10137589359511523,POSITIVE,LOW
영도구,봉래동4가,1,94,2,F,0.10205264119212207,0.07354297562680524,-0.354740402710944,-0.05418102447423934,-0.05223471839994653,0.10137589359511523,POSITIVE,MEDIUM
영도구,영선동4가,1,32,1,F,0.1265717372399027,0.10036183885506517,-1.4458576555646427,-0.08535305495850487,-0.08807107878271841,0.10137589359511523,POSITIVE,MEDIUM
영도구,청학동,2,53,2,F,0.2517047541584279,0.1883712475788885,-0.06813462625858002,-0.050873098133154215,-0.12709561300139577,0.10137589359511523,POSITIVE,MEDIUM
해운대구,반송동,3,95,1,F,0.2685630270928923,0.23799392696672297,-4.321758495515697,-0.24044234310438206,-0.23373645028186102,0.10137589359511523,POSITIVE,MEDIUM
해운대구,반여동,13,788,0,F,0.2150595027586614,0.17648483202385312,0.21432313442821482,-0.11519478456652621,-0.11893748282413881,0.02492802794157111,POSITIVE,HIGH
해운대구,우동,19,1052,0,F,0.2826947576094723,0.21837058432380768,-0.06106206973643613,-0.11452425916005282,-0.1385629046885736,0.03302040626977745,POSITIVE,HIGH
해운대구,재송동,11,717,0,F,0.2712588634602669,0.18099542137616434,0.7715530802511589,0.0036925146801234376,-0.05172857273847186,0.30037696641914946,POSITIVE,HIGH
해운대구,좌동,28,1681,0,F,0.18679752209074757,0.15085721895874385,0.0284305192039791,-0.11932593031948002,-0.12914877957871398,0.07130752272203522,POSITIVE,HIGH
해운대구,중동,5,365,0,F,0.15401903726956448,0.11122502701194303,0.8084820701615025,-0.060435448008579584,-0.07294311099466151,0.08368516316688683,POSITIVE,HIGH
