elementary_school_id,elementary_school_name,middle_school_id,middle_school_name_current,relation_type,relation_status,original_relation_type,original_relation_status,phase11_edge_class,used_in_confirmed_aggregate,used_in_broad_aggregate,probability_used,override_applied,assignment_share
S020001237,감전초,S020001231,주례중,EXACT,ACTIVE,ELIGIBLE,ACTIVE,CONFIRMED,True,True,False,True,1.0
S020001238,괘법초,S020001218,동주중,ELIGIBLE,ACTIVE,ELIGIBLE,ACTIVE,POSSIBLE,False,True,False,False,
S020001238,괘법초,S020001230,주례여중,ELIGIBLE,ACTIVE,ELIGIBLE,ACTIVE,POSSIBLE,False,True,False,False,
S020001241,구학초,,,UNRESOLVED,UNRESOLVED_EXTERNAL_OFFICE,UNRESOLVED,UNRESOLVED_EXTERNAL_OFFICE,AMBIGUOUS,False,False,False,False,
S020001254,덕상초,S020000975,신라중,EXACT,ACTIVE,ELIGIBLE,ACTIVE,CONFIRMED,True,True,False,True,1.0
S020001258,덕포초,S020001221,모라중,ELIGIBLE,ACTIVE,ELIGIBLE,ACTIVE,POSSIBLE,False,True,False,False,
S020001258,덕포초,S020000975,신라중,ELIGIBLE,ACTIVE,ELIGIBLE,ACTIVE,POSSIBLE,False,True,False,False,
S020001258,덕포초,S020001217,덕포여중,ELIGIBLE,ACTIVE,ELIGIBLE,ACTIVE,POSSIBLE,False,True,False,False,
S020001259,동궁초,S020001226,엄궁중,ELIGIBLE,ACTIVE,ELIGIBLE,ACTIVE,POSSIBLE,False,True,False,False,
S020001259,동궁초,S020001232,학장중,ELIGIBLE,ACTIVE,ELIGIBLE,ACTIVE,POSSIBLE,False,True,False,False,
S020001260,동주초,S020001218,동주중,ELIGIBLE,ACTIVE,ELIGIBLE,ACTIVE,POSSIBLE,False,True,False,False,
S020001260,동주초,S020001230,주례여중,ELIGIBLE,ACTIVE,ELIGIBLE,ACTIVE,POSSIBLE,False,True,False,False,
S020001264,모덕초,S020001221,모라중,ELIGIBLE,ACTIVE,ELIGIBLE,ACTIVE,POSSIBLE,False,True,False,False,
S020001264,모덕초,S020000966,모동중,ELIGIBLE,ACTIVE,ELIGIBLE,ACTIVE,POSSIBLE,False,True,False,False,
S020001265,모동초,S020000966,모동중,EXACT,ACTIVE,ELIGIBLE,ACTIVE,CONFIRMED,True,True,False,True,1.0
S020001266,모라초,S020001221,모라중,EXACT,ACTIVE,ELIGIBLE,ACTIVE,CONFIRMED,True,True,False,True,1.0
S020001267,모산초,S020001221,모라중,EXACT,ACTIVE,ELIGIBLE,ACTIVE,CONFIRMED,True,True,False,True,1.0
S020001271,사상초,S020001221,모라중,ELIGIBLE,ACTIVE,ELIGIBLE,ACTIVE,POSSIBLE,False,True,False,False,
S020001271,사상초,S020000975,신라중,ELIGIBLE,ACTIVE,ELIGIBLE,ACTIVE,POSSIBLE,False,True,False,False,
S020001271,사상초,S020001217,덕포여중,ELIGIBLE,ACTIVE,ELIGIBLE,ACTIVE,POSSIBLE,False,True,False,False,
S020001273,삼덕초,S020001221,모라중,ELIGIBLE,ACTIVE,ELIGIBLE,ACTIVE,POSSIBLE,False,True,False,False,
S020001273,삼덕초,S020001217,덕포여중,ELIGIBLE,ACTIVE,ELIGIBLE,ACTIVE,POSSIBLE,False,True,False,False,
S020001275,서감초,S020001218,동주중,ELIGIBLE,ACTIVE,ELIGIBLE,ACTIVE,POSSIBLE,False,True,False,False,
S020001275,서감초,S020001231,주례중,ELIGIBLE,ACTIVE,ELIGIBLE,ACTIVE,POSSIBLE,False,True,False,False,
S020001275,서감초,S020001230,주례여중,ELIGIBLE,ACTIVE,ELIGIBLE,ACTIVE,POSSIBLE,False,True,False,False,
S020001284,엄궁초,S020001226,엄궁중,ELIGIBLE,ACTIVE,ELIGIBLE,ACTIVE,POSSIBLE,False,True,False,False,
S020001284,엄궁초,S020001232,학장중,ELIGIBLE,ACTIVE,ELIGIBLE,ACTIVE,POSSIBLE,False,True,False,False,
S020001287,주감초,S020001229,주감중,EXACT,ACTIVE,ELIGIBLE,ACTIVE,CONFIRMED,True,True,False,True,1.0
S020001288,주학초,S020001231,주례중,EXACT,ACTIVE,ELIGIBLE,ACTIVE,CONFIRMED,True,True,False,True,1.0
S020001289,창진초,S020000975,신라중,ELIGIBLE,ACTIVE,ELIGIBLE,ACTIVE,POSSIBLE,False,True,False,False,
S020001289,창진초,S020001231,주례중,ELIGIBLE,ACTIVE,ELIGIBLE,ACTIVE,POSSIBLE,False,True,False,False,
S020001289,창진초,S020001217,덕포여중,ELIGIBLE,ACTIVE,ELIGIBLE,ACTIVE,POSSIBLE,False,True,False,False,
S020001295,학장초,S020001218,동주중,ELIGIBLE,ACTIVE,ELIGIBLE,ACTIVE,POSSIBLE,False,True,False,False,
S020001295,학장초,S020001232,학장중,ELIGIBLE,ACTIVE,ELIGIBLE,ACTIVE,POSSIBLE,False,True,False,False,
S020001295,학장초,S020001230,주례여중,ELIGIBLE,ACTIVE,ELIGIBLE,ACTIVE,POSSIBLE,False,True,False,False,
S020001296,학진초,S020001226,엄궁중,ELIGIBLE,ACTIVE,ELIGIBLE,ACTIVE,POSSIBLE,False,True,False,False,
S020001296,학진초,S020001232,학장중,ELIGIBLE,ACTIVE,ELIGIBLE,ACTIVE,POSSIBLE,False,True,False,False,
S020001912,주양초,,,UNRESOLVED,UNRESOLVED_EXTERNAL_OFFICE,UNRESOLVED,UNRESOLVED_EXTERNAL_OFFICE,AMBIGUOUS,False,False,False,False,
S020001240,구포초,S020001203,가람중,ELIGIBLE,ACTIVE,ELIGIBLE,ACTIVE,POSSIBLE,False,True,False,False,
S020001240,구포초,S020001205,구남중,ELIGIBLE,ACTIVE,ELIGIBLE,ACTIVE,POSSIBLE,False,True,False,False,
S020001240,구포초,S020001207,구포중,ELIGIBLE,ACTIVE,ELIGIBLE,ACTIVE,POSSIBLE,False,True,False,False,
S020001239,구남초,S020001203,가람중,ELIGIBLE,ACTIVE,ELIGIBLE,ACTIVE,POSSIBLE,False,True,False,False,
S020001239,구남초,S020001205,구남중,ELIGIBLE,ACTIVE,ELIGIBLE,ACTIVE,POSSIBLE,False,True,False,False,
S020001239,구남초,S020001207,구포중,ELIGIBLE,ACTIVE,ELIGIBLE,ACTIVE,POSSIBLE,False,True,False,False,
S020001242,금곡초,S020001208,금곡중,EXACT,ACTIVE,ELIGIBLE,ACTIVE,CONFIRMED,True,True,False,True,1.0
S020001826,금명초,S020001837,금명중,ELIGIBLE,ACTIVE,ELIGIBLE,ACTIVE,POSSIBLE,False,True,False,False,
S020001826,금명초,S020001838,명진중,ELIGIBLE,ACTIVE,ELIGIBLE,ACTIVE,POSSIBLE,False,True,False,False,
S020001243,금창초,S020001208,금곡중,EXACT,ACTIVE,ELIGIBLE,ACTIVE,CONFIRMED,True,True,False,True,1.0
S020001251,대천리초,S020001213,대천리중,EXACT,ACTIVE,ELIGIBLE,ACTIVE,CONFIRMED,True,True,False,True,1.0
S020001255,덕성초,S020001216,덕천중,EXACT,ACTIVE,ELIGIBLE,ACTIVE,CONFIRMED,True,True,False,True,1.0
S020001256,덕양초,S020001871,신덕중,EXACT,ACTIVE,ELIGIBLE,ACTIVE,CONFIRMED,True,True,False,True,1.0
S020001257,덕천초,S020001203,가람중,ELIGIBLE,ACTIVE,ELIGIBLE,ACTIVE,POSSIBLE,False,True,False,False,
S020001257,덕천초,S020001216,덕천중,ELIGIBLE,ACTIVE,ELIGIBLE,ACTIVE,POSSIBLE,False,True,False,False,
S020001261,만덕초,S020001219,만덕중,EXACT,ACTIVE,ELIGIBLE,ACTIVE,CONFIRMED,True,True,False,True,1.0
S020001262,명덕초,S020001233,화명중,ELIGIBLE,ACTIVE,ELIGIBLE,ACTIVE,POSSIBLE,False,True,False,False,
S020001262,명덕초,S020001227,용수중,ELIGIBLE,ACTIVE,ELIGIBLE,ACTIVE,POSSIBLE,False,True,False,False,
S020001840,명진초,S020001234,화신중,ELIGIBLE,ACTIVE,ELIGIBLE,ACTIVE,POSSIBLE,False,True,False,False,
S020001840,명진초,S020001838,명진중,ELIGIBLE,ACTIVE,ELIGIBLE,ACTIVE,POSSIBLE,False,True,False,False,
S020001840,명진초,S020001837,금명중,ELIGIBLE,ACTIVE,ELIGIBLE,ACTIVE,POSSIBLE,False,True,False,False,
S020001269,백산초,S020001222,백양중,ELIGIBLE,ACTIVE,ELIGIBLE,ACTIVE,POSSIBLE,False,True,False,False,
S020001269,백산초,S020001219,만덕중,ELIGIBLE,ACTIVE,ELIGIBLE,ACTIVE,POSSIBLE,False,True,False,False,
S020001270,백양초,S020001222,백양중,EXACT,ACTIVE,ELIGIBLE,ACTIVE,CONFIRMED,True,True,False,True,1.0
S020001874,상학초,S020001219,만덕중,EXACT,ACTIVE,ELIGIBLE,ACTIVE,CONFIRMED,True,True,False,True,1.0
S020001279,신금초,S020001838,명진중,ELIGIBLE,ACTIVE,ELIGIBLE,ACTIVE,POSSIBLE,False,True,False,False,
S020001279,신금초,S020001837,금명중,ELIGIBLE,ACTIVE,ELIGIBLE,ACTIVE,POSSIBLE,False,True,False,False,
S020001873,신덕초,S020001871,신덕중,EXACT,ACTIVE,ELIGIBLE,ACTIVE,CONFIRMED,True,True,False,True,1.0
S020001280,신천초,S020001203,가람중,ELIGIBLE,ACTIVE,ELIGIBLE,ACTIVE,POSSIBLE,False,True,False,False,
S020001280,신천초,S020001205,구남중,ELIGIBLE,ACTIVE,ELIGIBLE,ACTIVE,POSSIBLE,False,True,False,False,
S020001280,신천초,S020001207,구포중,ELIGIBLE,ACTIVE,ELIGIBLE,ACTIVE,POSSIBLE,False,True,False,False,
S020001280,신천초,S020001225,양덕여중,ELIGIBLE,ACTIVE,ELIGIBLE,ACTIVE,POSSIBLE,False,True,False,False,
S020001282,양덕초,S020001216,덕천중,ELIGIBLE,ACTIVE,ELIGIBLE,ACTIVE,POSSIBLE,False,True,False,False,
S020001282,양덕초,S020001225,양덕여중,ELIGIBLE,ACTIVE,ELIGIBLE,ACTIVE,POSSIBLE,False,True,False,False,
S020001283,양천초,S020001216,덕천중,EXACT,ACTIVE,ELIGIBLE,ACTIVE,CONFIRMED,True,True,False,True,1.0
S020001285,와석초,S020001233,화명중,ELIGIBLE,ACTIVE,ELIGIBLE,ACTIVE,POSSIBLE,False,True,False,False,
S020001285,와석초,S020001234,화신중,ELIGIBLE,ACTIVE,ELIGIBLE,ACTIVE,POSSIBLE,False,True,False,False,
S020001285,와석초,S020001227,용수중,ELIGIBLE,ACTIVE,ELIGIBLE,ACTIVE,POSSIBLE,False,True,False,False,
S020001286,용수초,S020001233,화명중,ELIGIBLE,ACTIVE,ELIGIBLE,ACTIVE,POSSIBLE,False,True,False,False,
S020001286,용수초,S020001227,용수중,ELIGIBLE,ACTIVE,ELIGIBLE,ACTIVE,POSSIBLE,False,True,False,False,
S020001294,포천초,S020001203,가람중,ELIGIBLE,ACTIVE,ELIGIBLE,ACTIVE,POSSIBLE,False,True,False,False,
S020001294,포천초,S020001205,구남중,ELIGIBLE,ACTIVE,ELIGIBLE,ACTIVE,POSSIBLE,False,True,False,False,
S020001294,포천초,S020001207,구포중,ELIGIBLE,ACTIVE,ELIGIBLE,ACTIVE,POSSIBLE,False,True,False,False,
S020001294,포천초,S020001225,양덕여중,ELIGIBLE,ACTIVE,ELIGIBLE,ACTIVE,POSSIBLE,False,True,False,False,
S020001841,학사초,S020001233,화명중,ELIGIBLE,ACTIVE,ELIGIBLE,ACTIVE,POSSIBLE,False,True,False,False,
S020001841,학사초,S020001227,용수중,ELIGIBLE,ACTIVE,ELIGIBLE,ACTIVE,POSSIBLE,False,True,False,False,
S020001841,학사초,S020001838,명진중,ELIGIBLE,ACTIVE,ELIGIBLE,ACTIVE,POSSIBLE,False,True,False,False,
S020001297,화명초,S020001213,대천리중,ELIGIBLE,ACTIVE,ELIGIBLE,ACTIVE,POSSIBLE,False,True,False,False,
S020001297,화명초,S020001234,화신중,ELIGIBLE,ACTIVE,ELIGIBLE,ACTIVE,POSSIBLE,False,True,False,False,
S020001842,화잠초,S020001234,화신중,ELIGIBLE,ACTIVE,ELIGIBLE,ACTIVE,POSSIBLE,False,True,False,False,
S020001842,화잠초,S020001838,명진중,ELIGIBLE,ACTIVE,ELIGIBLE,ACTIVE,POSSIBLE,False,True,False,False,
S020002177,화정초,S020001233,화명중,ELIGIBLE,ACTIVE,ELIGIBLE,ACTIVE,POSSIBLE,False,True,False,False,
S020002177,화정초,S020001227,용수중,ELIGIBLE,ACTIVE,ELIGIBLE,ACTIVE,POSSIBLE,False,True,False,False,
S020001263,명지초,S020002219,명지중,EXACT,ACTIVE,ELIGIBLE,ACTIVE,CONFIRMED,True,True,False,True,1.0
S020002232,신명초,S020002219,명지중,ELIGIBLE,ACTIVE,ELIGIBLE,ACTIVE,POSSIBLE,False,True,False,False,
S020002232,신명초,S020001204,경일중,ELIGIBLE,ACTIVE,ELIGIBLE,ACTIVE,POSSIBLE,False,True,False,False,
S020001268,배영초,S020002219,명지중,EXACT,ACTIVE,ELIGIBLE,ACTIVE,CONFIRMED,True,True,False,True,1.0
S020002041,남명초,S020002004,명호중,ELIGIBLE,ACTIVE,ELIGIBLE,ACTIVE,POSSIBLE,False,True,False,False,
S020002041,남명초,S020002323,오션중,ELIGIBLE,ACTIVE,ELIGIBLE,ACTIVE,POSSIBLE,False,True,False,False,
S020002213,오션초,S020002004,명호중,ELIGIBLE,ACTIVE,ELIGIBLE,ACTIVE,POSSIBLE,False,True,False,False,
S020002213,오션초,S020002323,오션중,ELIGIBLE,ACTIVE,ELIGIBLE,ACTIVE,POSSIBLE,False,True,False,False,
S020002006,명호초,S020002004,명호중,ELIGIBLE,ACTIVE,ELIGIBLE,ACTIVE,POSSIBLE,False,True,False,False,
S020002006,명호초,S020002323,오션중,ELIGIBLE,ACTIVE,ELIGIBLE,ACTIVE,POSSIBLE,False,True,False,False,
S020002257,명일초,S020002219,명지중,EXACT,ACTIVE,ELIGIBLE,ACTIVE,CONFIRMED,True,True,False,True,1.0
S020002276,명원초,S020002219,명지중,ELIGIBLE,ACTIVE,ELIGIBLE,ACTIVE,POSSIBLE,False,True,False,False,
S020002276,명원초,S020001204,경일중,ELIGIBLE,ACTIVE,ELIGIBLE,ACTIVE,POSSIBLE,False,True,False,False,
S020002361,명문초,S020002219,명지중,ELIGIBLE,ACTIVE,ELIGIBLE,ACTIVE,POSSIBLE,False,True,False,False,
S020002361,명문초,S020001204,경일중,ELIGIBLE,ACTIVE,ELIGIBLE,ACTIVE,POSSIBLE,False,True,False,False,
S020001248,대저중앙초,S020001202,가락중,EXACT,ACTIVE,ELIGIBLE,ACTIVE,CONFIRMED,True,True,False,True,1.0
S020002370,강서초,S020001202,가락중,EXACT,ACTIVE,ELIGIBLE,ACTIVE,CONFIRMED,True,True,False,True,1.0
S020001235,가락초,S020001210,낙동중,EXACT,ACTIVE,ELIGIBLE,ACTIVE,CONFIRMED,True,True,False,True,1.0
S020001244,녹명초,S020001211,녹산중,EXACT,ACTIVE,ELIGIBLE,ACTIVE,CONFIRMED,True,True,False,True,1.0
S020001246,대사초,S020001210,낙동중,EXACT,ACTIVE,ELIGIBLE,ACTIVE,CONFIRMED,True,True,False,True,1.0
S020001247,대상초,S020001210,낙동중,EXACT,ACTIVE,ELIGIBLE,ACTIVE,CONFIRMED,True,True,False,True,1.0
S020001250,대저초,S020001210,낙동중,EXACT,ACTIVE,ELIGIBLE,ACTIVE,CONFIRMED,True,True,False,True,1.0
S020001253,덕두초,S020001212,대저중,EXACT,ACTIVE,ELIGIBLE,ACTIVE,CONFIRMED,True,True,False,True,1.0
S020002054,녹산초,S020002073,지사중,EXACT,ACTIVE,ELIGIBLE,ACTIVE,CONFIRMED,True,True,False,True,1.0
S020001290,천가초,S020001214,덕문중,EXACT,ACTIVE,ELIGIBLE,ACTIVE,CONFIRMED,True,True,False,True,1.0
S020001281,신호초,S020002064,신호중,EXACT,ACTIVE,ELIGIBLE,ACTIVE,CONFIRMED,True,True,False,True,1.0
S020001666,송정초,S020002064,신호중,EXACT,ACTIVE,ELIGIBLE,ACTIVE,CONFIRMED,True,True,False,True,1.0
S020001478,영도초,S020001421,부산영선중학교,ELIGIBLE,ACTIVE,ELIGIBLE,ACTIVE,POSSIBLE,False,True,False,False,
S020001478,영도초,S020001416,부산남중,ELIGIBLE,ACTIVE,ELIGIBLE,ACTIVE,POSSIBLE,False,True,False,False,
S020001478,영도초,S020001403,남도여중,ELIGIBLE,ACTIVE,ELIGIBLE,ACTIVE,POSSIBLE,False,True,False,False,
S020001453,남항초,S020001421,부산영선중학교,ELIGIBLE,ACTIVE,ELIGIBLE,ACTIVE,POSSIBLE,False,True,False,False,
S020001453,남항초,S020001416,부산남중,ELIGIBLE,ACTIVE,ELIGIBLE,ACTIVE,POSSIBLE,False,True,False,False,
S020001453,남항초,S020001403,남도여중,ELIGIBLE,ACTIVE,ELIGIBLE,ACTIVE,POSSIBLE,False,True,False,False,
S020001474,신선초,S020001421,부산영선중학교,ELIGIBLE,ACTIVE,ELIGIBLE,ACTIVE,POSSIBLE,False,True,False,False,
S020001474,신선초,S020001416,부산남중,ELIGIBLE,ACTIVE,ELIGIBLE,ACTIVE,POSSIBLE,False,True,False,False,
S020001474,신선초,S020001403,남도여중,ELIGIBLE,ACTIVE,ELIGIBLE,ACTIVE,POSSIBLE,False,True,False,False,
S020001460,대평초,S020001421,부산영선중학교,ELIGIBLE,ACTIVE,ELIGIBLE,ACTIVE,POSSIBLE,False,True,False,False,
S020001460,대평초,S020001416,부산남중,ELIGIBLE,ACTIVE,ELIGIBLE,ACTIVE,POSSIBLE,False,True,False,False,
S020001460,대평초,S020001403,남도여중,ELIGIBLE,ACTIVE,ELIGIBLE,ACTIVE,POSSIBLE,False,True,False,False,
S020001458,대교초,S020001434,영도제일중,ELIGIBLE,ACTIVE,ELIGIBLE,ACTIVE,POSSIBLE,False,True,False,False,
S020001458,대교초,S020001441,태종대중,ELIGIBLE,ACTIVE,ELIGIBLE,ACTIVE,POSSIBLE,False,True,False,False,
S020001458,대교초,S020001445,해동중,ELIGIBLE,ACTIVE,ELIGIBLE,ACTIVE,POSSIBLE,False,True,False,False,
S020001464,봉학초,S020001434,영도제일중,ELIGIBLE,ACTIVE,ELIGIBLE,ACTIVE,POSSIBLE,False,True,False,False,
S020001464,봉학초,S020001441,태종대중,ELIGIBLE,ACTIVE,ELIGIBLE,ACTIVE,POSSIBLE,False,True,False,False,
S020001464,봉학초,S020001445,해동중,ELIGIBLE,ACTIVE,ELIGIBLE,ACTIVE,POSSIBLE,False,True,False,False,
S020001489,청학초,S020001434,영도제일중,ELIGIBLE,ACTIVE,ELIGIBLE,ACTIVE,POSSIBLE,False,True,False,False,
S020001489,청학초,S020001441,태종대중,ELIGIBLE,ACTIVE,ELIGIBLE,ACTIVE,POSSIBLE,False,True,False,False,
S020001489,청학초,S020001445,해동중,ELIGIBLE,ACTIVE,ELIGIBLE,ACTIVE,POSSIBLE,False,True,False,False,
S020001488,청동초,S020001434,영도제일중,ELIGIBLE,ACTIVE,ELIGIBLE,ACTIVE,POSSIBLE,False,True,False,False,
S020001488,청동초,S020001441,태종대중,ELIGIBLE,ACTIVE,ELIGIBLE,ACTIVE,POSSIBLE,False,True,False,False,
S020001488,청동초,S020001445,해동중,ELIGIBLE,ACTIVE,ELIGIBLE,ACTIVE,POSSIBLE,False,True,False,False,
S020001461,동삼초,S020001434,영도제일중,ELIGIBLE,ACTIVE,ELIGIBLE,ACTIVE,POSSIBLE,False,True,False,False,
S020001461,동삼초,S020001441,태종대중,ELIGIBLE,ACTIVE,ELIGIBLE,ACTIVE,POSSIBLE,False,True,False,False,
S020001461,동삼초,S020001445,해동중,ELIGIBLE,ACTIVE,ELIGIBLE,ACTIVE,POSSIBLE,False,True,False,False,
S020001491,태종대초,S020001434,영도제일중,ELIGIBLE,ACTIVE,ELIGIBLE,ACTIVE,POSSIBLE,False,True,False,False,
S020001491,태종대초,S020001441,태종대중,ELIGIBLE,ACTIVE,ELIGIBLE,ACTIVE,POSSIBLE,False,True,False,False,
S020001491,태종대초,S020001445,해동중,ELIGIBLE,ACTIVE,ELIGIBLE,ACTIVE,POSSIBLE,False,True,False,False,
S020001469,상리초,S020001434,영도제일중,ELIGIBLE,ACTIVE,ELIGIBLE,ACTIVE,POSSIBLE,False,True,False,False,
S020001469,상리초,S020001441,태종대중,ELIGIBLE,ACTIVE,ELIGIBLE,ACTIVE,POSSIBLE,False,True,False,False,
S020001469,상리초,S020001445,해동중,ELIGIBLE,ACTIVE,ELIGIBLE,ACTIVE,POSSIBLE,False,True,False,False,
S020001484,중리초,S020001434,영도제일중,ELIGIBLE,ACTIVE,ELIGIBLE,ACTIVE,POSSIBLE,False,True,False,False,
S020001484,중리초,S020001441,태종대중,ELIGIBLE,ACTIVE,ELIGIBLE,ACTIVE,POSSIBLE,False,True,False,False,
S020001484,중리초,S020001445,해동중,ELIGIBLE,ACTIVE,ELIGIBLE,ACTIVE,POSSIBLE,False,True,False,False,
S020001463,봉삼초,S020001434,영도제일중,ELIGIBLE,ACTIVE,ELIGIBLE,ACTIVE,POSSIBLE,False,True,False,False,
S020001463,봉삼초,S020001441,태종대중,ELIGIBLE,ACTIVE,ELIGIBLE,ACTIVE,POSSIBLE,False,True,False,False,
S020001463,봉삼초,S020001445,해동중,ELIGIBLE,ACTIVE,ELIGIBLE,ACTIVE,POSSIBLE,False,True,False,False,
S020001483,절영초,S020001434,영도제일중,ELIGIBLE,ACTIVE,ELIGIBLE,ACTIVE,POSSIBLE,False,True,False,False,
S020001483,절영초,S020001441,태종대중,ELIGIBLE,ACTIVE,ELIGIBLE,ACTIVE,POSSIBLE,False,True,False,False,
S020001483,절영초,S020001445,해동중,ELIGIBLE,ACTIVE,ELIGIBLE,ACTIVE,POSSIBLE,False,True,False,False,
S020001447,감천초,S020001399,감천중,ELIGIBLE,ACTIVE,ELIGIBLE,ACTIVE,POSSIBLE,False,True,False,False,
S020001447,감천초,S020001426,삼성중,ELIGIBLE,ACTIVE,ELIGIBLE,ACTIVE,POSSIBLE,False,True,False,False,
S020001447,감천초,S020001437,장평중,ELIGIBLE,ACTIVE,ELIGIBLE,ACTIVE,POSSIBLE,False,True,False,False,
S020001470,서천초,S020001399,감천중,ELIGIBLE,ACTIVE,ELIGIBLE,ACTIVE,POSSIBLE,False,True,False,False,
S020001470,서천초,S020001426,삼성중,ELIGIBLE,ACTIVE,ELIGIBLE,ACTIVE,POSSIBLE,False,True,False,False,
S020001470,서천초,S020001437,장평중,ELIGIBLE,ACTIVE,ELIGIBLE,ACTIVE,POSSIBLE,False,True,False,False,
S020001448,괴정초,S020001401,경남중,ELIGIBLE,ACTIVE,ELIGIBLE,ACTIVE,POSSIBLE,False,True,False,False,
S020001448,괴정초,S020001417,부산대신중학교,ELIGIBLE,ACTIVE,ELIGIBLE,ACTIVE,POSSIBLE,False,True,False,False,
S020001448,괴정초,S020001426,삼성중,ELIGIBLE,ACTIVE,ELIGIBLE,ACTIVE,POSSIBLE,False,True,False,False,
S020001448,괴정초,S020001420,부산여중,ELIGIBLE,ACTIVE,ELIGIBLE,ACTIVE,POSSIBLE,False,True,False,False,
S020001448,괴정초,S020001423,부산중앙여자중학교,ELIGIBLE,ACTIVE,ELIGIBLE,ACTIVE,POSSIBLE,False,True,False,False,
S020001448,괴정초,S020001413,동주여중,ELIGIBLE,ACTIVE,ELIGIBLE,ACTIVE,POSSIBLE,False,True,False,False,
S020001457,당리초,S020001401,경남중,ELIGIBLE,ACTIVE,ELIGIBLE,ACTIVE,POSSIBLE,False,True,False,False,
S020001457,당리초,S020001417,부산대신중학교,ELIGIBLE,ACTIVE,ELIGIBLE,ACTIVE,POSSIBLE,False,True,False,False,
S020001457,당리초,S020001437,장평중,ELIGIBLE,ACTIVE,ELIGIBLE,ACTIVE,POSSIBLE,False,True,False,False,
S020001457,당리초,S020001420,부산여중,ELIGIBLE,ACTIVE,ELIGIBLE,ACTIVE,POSSIBLE,False,True,False,False,
S020001457,당리초,S020001423,부산중앙여자중학교,ELIGIBLE,ACTIVE,ELIGIBLE,ACTIVE,POSSIBLE,False,True,False,False,
S020001457,당리초,S020001413,동주여중,ELIGIBLE,ACTIVE,ELIGIBLE,ACTIVE,POSSIBLE,False,True,False,False,
S020001468,사하초,S020001401,경남중,ELIGIBLE,ACTIVE,ELIGIBLE,ACTIVE,POSSIBLE,False,True,False,False,
S020001468,사하초,S020001417,부산대신중학교,ELIGIBLE,ACTIVE,ELIGIBLE,ACTIVE,POSSIBLE,False,True,False,False,
S020001468,사하초,S020001437,장평중,ELIGIBLE,ACTIVE,ELIGIBLE,ACTIVE,POSSIBLE,False,True,False,False,
S020001468,사하초,S020001420,부산여중,ELIGIBLE,ACTIVE,ELIGIBLE,ACTIVE,POSSIBLE,False,True,False,False,
S020001468,사하초,S020001423,부산중앙여자중학교,ELIGIBLE,ACTIVE,ELIGIBLE,ACTIVE,POSSIBLE,False,True,False,False,
S020001468,사하초,S020001413,동주여중,ELIGIBLE,ACTIVE,ELIGIBLE,ACTIVE,POSSIBLE,False,True,False,False,
S020001472,승학초,S020001401,경남중,ELIGIBLE,ACTIVE,ELIGIBLE,ACTIVE,POSSIBLE,False,True,False,False,
S020001472,승학초,S020001417,부산대신중학교,ELIGIBLE,ACTIVE,ELIGIBLE,ACTIVE,POSSIBLE,False,True,False,False,
S020001472,승학초,S020001437,장평중,ELIGIBLE,ACTIVE,ELIGIBLE,ACTIVE,POSSIBLE,False,True,False,False,
S020001472,승학초,S020001420,부산여중,ELIGIBLE,ACTIVE,ELIGIBLE,ACTIVE,POSSIBLE,False,True,False,False,
S020001472,승학초,S020001423,부산중앙여자중학교,ELIGIBLE,ACTIVE,ELIGIBLE,ACTIVE,POSSIBLE,False,True,False,False,
S020001472,승학초,S020001413,동주여중,ELIGIBLE,ACTIVE,ELIGIBLE,ACTIVE,POSSIBLE,False,True,False,False,
S020001480,옥천초,S020001399,감천중,ELIGIBLE,ACTIVE,ELIGIBLE,ACTIVE,POSSIBLE,False,True,False,False,
S020001480,옥천초,S020001426,삼성중,ELIGIBLE,ACTIVE,ELIGIBLE,ACTIVE,POSSIBLE,False,True,False,False,
S020001480,옥천초,S020001437,장평중,ELIGIBLE,ACTIVE,ELIGIBLE,ACTIVE,POSSIBLE,False,True,False,False,
S020001480,옥천초,S020001413,동주여중,ELIGIBLE,ACTIVE,ELIGIBLE,ACTIVE,POSSIBLE,False,True,False,False,
S020001468,사하초,S020001418,당리중,ELIGIBLE,ACTIVE,ELIGIBLE,ACTIVE,POSSIBLE,False,True,False,False,
S020001468,사하초,S020001425,사하중,ELIGIBLE,ACTIVE,ELIGIBLE,ACTIVE,POSSIBLE,False,True,False,False,
S020001468,사하초,S020001426,삼성중,ELIGIBLE,ACTIVE,ELIGIBLE,ACTIVE,POSSIBLE,False,True,False,False,
S020001466,사남초,S020001418,당리중,ELIGIBLE,ACTIVE,ELIGIBLE,ACTIVE,POSSIBLE,False,True,False,False,
S020001466,사남초,S020001425,사하중,ELIGIBLE,ACTIVE,ELIGIBLE,ACTIVE,POSSIBLE,False,True,False,False,
S020001466,사남초,S020001437,장평중,ELIGIBLE,ACTIVE,ELIGIBLE,ACTIVE,POSSIBLE,False,True,False,False,
S020001466,사남초,S020001413,동주여중,ELIGIBLE,ACTIVE,ELIGIBLE,ACTIVE,POSSIBLE,False,True,False,False,
S020001451,낙동초,S020001400,건국중,ELIGIBLE,ACTIVE,ELIGIBLE,ACTIVE,POSSIBLE,False,True,False,False,
S020001451,낙동초,S020001418,당리중,ELIGIBLE,ACTIVE,ELIGIBLE,ACTIVE,POSSIBLE,False,True,False,False,
S020001451,낙동초,S020001425,사하중,ELIGIBLE,ACTIVE,ELIGIBLE,ACTIVE,POSSIBLE,False,True,False,False,
S020001451,낙동초,S020001413,동주여중,ELIGIBLE,ACTIVE,ELIGIBLE,ACTIVE,POSSIBLE,False,True,False,False,
S020001457,당리초,S020001400,건국중,ELIGIBLE,ACTIVE,ELIGIBLE,ACTIVE,POSSIBLE,False,True,False,False,
S020001457,당리초,S020001418,당리중,ELIGIBLE,ACTIVE,ELIGIBLE,ACTIVE,POSSIBLE,False,True,False,False,
S020001457,당리초,S020001425,사하중,ELIGIBLE,ACTIVE,ELIGIBLE,ACTIVE,POSSIBLE,False,True,False,False,
S020001467,사동초,S020001400,건국중,ELIGIBLE,ACTIVE,ELIGIBLE,ACTIVE,POSSIBLE,False,True,False,False,
S020001467,사동초,S020001418,당리중,ELIGIBLE,ACTIVE,ELIGIBLE,ACTIVE,POSSIBLE,False,True,False,False,
S020001467,사동초,S020001425,사하중,ELIGIBLE,ACTIVE,ELIGIBLE,ACTIVE,POSSIBLE,False,True,False,False,
S020001467,사동초,S020001413,동주여중,ELIGIBLE,ACTIVE,ELIGIBLE,ACTIVE,POSSIBLE,False,True,False,False,
S020001494,하단초,S020001400,건국중,ELIGIBLE,ACTIVE,ELIGIBLE,ACTIVE,POSSIBLE,False,True,False,False,
S020001494,하단초,S020001444,하단중,ELIGIBLE,ACTIVE,ELIGIBLE,ACTIVE,POSSIBLE,False,True,False,False,
S020001494,하단초,S020001418,당리중,ELIGIBLE,ACTIVE,ELIGIBLE,ACTIVE,POSSIBLE,False,True,False,False,
S020001494,하단초,S020001425,사하중,ELIGIBLE,ACTIVE,ELIGIBLE,ACTIVE,POSSIBLE,False,True,False,False,
S020001870,을숙도초,S020001400,건국중,ELIGIBLE,ACTIVE,ELIGIBLE,ACTIVE,POSSIBLE,False,True,False,False,
S020001870,을숙도초,S020001444,하단중,ELIGIBLE,ACTIVE,ELIGIBLE,ACTIVE,POSSIBLE,False,True,False,False,
S020001870,을숙도초,S020001418,당리중,ELIGIBLE,ACTIVE,ELIGIBLE,ACTIVE,POSSIBLE,False,True,False,False,
S020001870,을숙도초,S020001425,사하중,ELIGIBLE,ACTIVE,ELIGIBLE,ACTIVE,POSSIBLE,False,True,False,False,
S020001476,신평초,S020001408,대동중,ELIGIBLE,ACTIVE,ELIGIBLE,ACTIVE,POSSIBLE,False,True,False,False,
S020001476,신평초,S020001418,당리중,ELIGIBLE,ACTIVE,ELIGIBLE,ACTIVE,POSSIBLE,False,True,False,False,
S020001476,신평초,S020001432,영남중,ELIGIBLE,ACTIVE,ELIGIBLE,ACTIVE,POSSIBLE,False,True,False,False,
S020001476,신평초,S020001436,장림여중,ELIGIBLE,ACTIVE,ELIGIBLE,ACTIVE,POSSIBLE,False,True,False,False,
S020001475,신촌초,S020001408,대동중,ELIGIBLE,ACTIVE,ELIGIBLE,ACTIVE,POSSIBLE,False,True,False,False,
S020001475,신촌초,S020001425,사하중,ELIGIBLE,ACTIVE,ELIGIBLE,ACTIVE,POSSIBLE,False,True,False,False,
S020001475,신촌초,S020001432,영남중,ELIGIBLE,ACTIVE,ELIGIBLE,ACTIVE,POSSIBLE,False,True,False,False,
S020001475,신촌초,S020001436,장림여중,ELIGIBLE,ACTIVE,ELIGIBLE,ACTIVE,POSSIBLE,False,True,False,False,
S020001482,장림초,S020001408,대동중,ELIGIBLE,ACTIVE,ELIGIBLE,ACTIVE,POSSIBLE,False,True,False,False,
S020001482,장림초,S020001432,영남중,ELIGIBLE,ACTIVE,ELIGIBLE,ACTIVE,POSSIBLE,False,True,False,False,
S020001482,장림초,S020001436,장림여중,ELIGIBLE,ACTIVE,ELIGIBLE,ACTIVE,POSSIBLE,False,True,False,False,
S020001482,장림초,S020001437,장평중,ELIGIBLE,ACTIVE,ELIGIBLE,ACTIVE,POSSIBLE,False,True,False,False,
S020001891,보림초,S020001408,대동중,ELIGIBLE,ACTIVE,ELIGIBLE,ACTIVE,POSSIBLE,False,True,False,False,
S020001891,보림초,S020001432,영남중,ELIGIBLE,ACTIVE,ELIGIBLE,ACTIVE,POSSIBLE,False,True,False,False,
S020001891,보림초,S020001437,장평중,ELIGIBLE,ACTIVE,ELIGIBLE,ACTIVE,POSSIBLE,False,True,False,False,
S020001891,보림초,S020001436,장림여중,ELIGIBLE,ACTIVE,ELIGIBLE,ACTIVE,POSSIBLE,False,True,False,False,
S020001891,보림초,S020001909,두송중,ELIGIBLE,ACTIVE,ELIGIBLE,ACTIVE,POSSIBLE,False,True,False,False,
S020001496,효림초,S020001408,대동중,ELIGIBLE,ACTIVE,ELIGIBLE,ACTIVE,POSSIBLE,False,True,False,False,
S020001496,효림초,S020001432,영남중,ELIGIBLE,ACTIVE,ELIGIBLE,ACTIVE,POSSIBLE,False,True,False,False,
S020001496,효림초,S020001436,장림여중,ELIGIBLE,ACTIVE,ELIGIBLE,ACTIVE,POSSIBLE,False,True,False,False,
S020001496,효림초,S020001437,장평중,ELIGIBLE,ACTIVE,ELIGIBLE,ACTIVE,POSSIBLE,False,True,False,False,
S020001496,효림초,S020001909,두송중,ELIGIBLE,ACTIVE,ELIGIBLE,ACTIVE,POSSIBLE,False,True,False,False,
S020001450,구평초,S020001408,대동중,ELIGIBLE,ACTIVE,ELIGIBLE,ACTIVE,POSSIBLE,False,True,False,False,
S020001450,구평초,S020001437,장평중,ELIGIBLE,ACTIVE,ELIGIBLE,ACTIVE,POSSIBLE,False,True,False,False,
S020001450,구평초,S020001399,감천중,ELIGIBLE,ACTIVE,ELIGIBLE,ACTIVE,POSSIBLE,False,True,False,False,
S020001493,하남초,S020001408,대동중,ELIGIBLE,ACTIVE,ELIGIBLE,ACTIVE,POSSIBLE,False,True,False,False,
S020001493,하남초,S020001443,하남중,ELIGIBLE,ACTIVE,ELIGIBLE,ACTIVE,POSSIBLE,False,True,False,False,
S020001493,하남초,S020001418,당리중,ELIGIBLE,ACTIVE,ELIGIBLE,ACTIVE,POSSIBLE,False,True,False,False,
S020001493,하남초,S020001444,하단중,ELIGIBLE,ACTIVE,ELIGIBLE,ACTIVE,POSSIBLE,False,True,False,False,
S020001473,신남초,S020001408,대동중,ELIGIBLE,ACTIVE,ELIGIBLE,ACTIVE,POSSIBLE,False,True,False,False,
S020001473,신남초,S020001443,하남중,ELIGIBLE,ACTIVE,ELIGIBLE,ACTIVE,POSSIBLE,False,True,False,False,
S020001473,신남초,S020001425,사하중,ELIGIBLE,ACTIVE,ELIGIBLE,ACTIVE,POSSIBLE,False,True,False,False,
S020001473,신남초,S020001444,하단중,ELIGIBLE,ACTIVE,ELIGIBLE,ACTIVE,POSSIBLE,False,True,False,False,
S020001455,다선초,S020001407,다송중,ELIGIBLE,ACTIVE,ELIGIBLE,ACTIVE,POSSIBLE,False,True,False,False,
S020001455,다선초,S020001909,두송중,ELIGIBLE,ACTIVE,ELIGIBLE,ACTIVE,POSSIBLE,False,True,False,False,
S020001456,다송초,S020001407,다송중,ELIGIBLE,ACTIVE,ELIGIBLE,ACTIVE,POSSIBLE,False,True,False,False,
S020001456,다송초,S020001909,두송중,ELIGIBLE,ACTIVE,ELIGIBLE,ACTIVE,POSSIBLE,False,True,False,False,
S020001454,다대초,S020001405,다대중,ELIGIBLE,ACTIVE,ELIGIBLE,ACTIVE,POSSIBLE,False,True,False,False,
S020001454,다대초,S020001407,다송중,ELIGIBLE,ACTIVE,ELIGIBLE,ACTIVE,POSSIBLE,False,True,False,False,
S020001454,다대초,S020001909,두송중,ELIGIBLE,ACTIVE,ELIGIBLE,ACTIVE,POSSIBLE,False,True,False,False,
S020001486,중현초,S020001405,다대중,ELIGIBLE,ACTIVE,ELIGIBLE,ACTIVE,POSSIBLE,False,True,False,False,
S020001486,중현초,S020001406,다선중,ELIGIBLE,ACTIVE,ELIGIBLE,ACTIVE,POSSIBLE,False,True,False,False,
S020001481,응봉초,S020001405,다대중,ELIGIBLE,ACTIVE,ELIGIBLE,ACTIVE,POSSIBLE,False,True,False,False,
S020001481,응봉초,S020001406,다선중,ELIGIBLE,ACTIVE,ELIGIBLE,ACTIVE,POSSIBLE,False,True,False,False,
S020001997,몰운대초,S020001405,다대중,ELIGIBLE,ACTIVE,ELIGIBLE,ACTIVE,POSSIBLE,False,True,False,False,
S020001997,몰운대초,S020001406,다선중,ELIGIBLE,ACTIVE,ELIGIBLE,ACTIVE,POSSIBLE,False,True,False,False,
S020001487,천마초,S020001401,경남중,ELIGIBLE,ACTIVE,ELIGIBLE,ACTIVE,POSSIBLE,False,True,False,False,
S020001487,천마초,S020001429,송도중,ELIGIBLE,ACTIVE,ELIGIBLE,ACTIVE,POSSIBLE,False,True,False,False,
S020001487,천마초,S020001420,부산여중,ELIGIBLE,ACTIVE,ELIGIBLE,ACTIVE,POSSIBLE,False,True,False,False,
S020001487,천마초,S020001423,부산중앙여자중학교,ELIGIBLE,ACTIVE,ELIGIBLE,ACTIVE,POSSIBLE,False,True,False,False,
S020001452,남부민초,S020001401,경남중,ELIGIBLE,ACTIVE,ELIGIBLE,ACTIVE,POSSIBLE,False,True,False,False,
S020001452,남부민초,S020001429,송도중,ELIGIBLE,ACTIVE,ELIGIBLE,ACTIVE,POSSIBLE,False,True,False,False,
S020001452,남부민초,S020001420,부산여중,ELIGIBLE,ACTIVE,ELIGIBLE,ACTIVE,POSSIBLE,False,True,False,False,
S020001452,남부민초,S020001423,부산중앙여자중학교,ELIGIBLE,ACTIVE,ELIGIBLE,ACTIVE,POSSIBLE,False,True,False,False,
S020001471,송도초,S020001401,경남중,ELIGIBLE,ACTIVE,ELIGIBLE,ACTIVE,POSSIBLE,False,True,False,False,
S020001471,송도초,S020001429,송도중,ELIGIBLE,ACTIVE,ELIGIBLE,ACTIVE,POSSIBLE,False,True,False,False,
S020001471,송도초,S020001420,부산여중,ELIGIBLE,ACTIVE,ELIGIBLE,ACTIVE,POSSIBLE,False,True,False,False,
S020001471,송도초,S020001423,부산중앙여자중학교,ELIGIBLE,ACTIVE,ELIGIBLE,ACTIVE,POSSIBLE,False,True,False,False,
S020001471,송도초,S020001399,감천중,ELIGIBLE,ACTIVE,ELIGIBLE,ACTIVE,POSSIBLE,False,True,False,False,
S020001471,송도초,S020001426,삼성중,ELIGIBLE,ACTIVE,ELIGIBLE,ACTIVE,POSSIBLE,False,True,False,False,
S020001492,토성초,S020001401,경남중,ELIGIBLE,ACTIVE,ELIGIBLE,ACTIVE,POSSIBLE,False,True,False,False,
S020001492,토성초,S020001429,송도중,ELIGIBLE,ACTIVE,ELIGIBLE,ACTIVE,POSSIBLE,False,True,False,False,
S020001492,토성초,S020001439,초장중,ELIGIBLE,ACTIVE,ELIGIBLE,ACTIVE,POSSIBLE,False,True,False,False,
S020001492,토성초,S020001409,대신여중,ELIGIBLE,ACTIVE,ELIGIBLE,ACTIVE,POSSIBLE,False,True,False,False,
S020001492,토성초,S020001420,부산여중,ELIGIBLE,ACTIVE,ELIGIBLE,ACTIVE,POSSIBLE,False,True,False,False,
S020001492,토성초,S020001423,부산중앙여자중학교,ELIGIBLE,ACTIVE,ELIGIBLE,ACTIVE,POSSIBLE,False,True,False,False,
S020001477,아미초,S020001401,경남중,ELIGIBLE,ACTIVE,ELIGIBLE,ACTIVE,POSSIBLE,False,True,False,False,
S020001477,아미초,S020001439,초장중,ELIGIBLE,ACTIVE,ELIGIBLE,ACTIVE,POSSIBLE,False,True,False,False,
S020001477,아미초,S020001420,부산여중,ELIGIBLE,ACTIVE,ELIGIBLE,ACTIVE,POSSIBLE,False,True,False,False,
S020001477,아미초,S020001423,부산중앙여자중학교,ELIGIBLE,ACTIVE,ELIGIBLE,ACTIVE,POSSIBLE,False,True,False,False,
S020001465,부민초,S020001401,경남중,ELIGIBLE,ACTIVE,ELIGIBLE,ACTIVE,POSSIBLE,False,True,False,False,
S020001465,부민초,S020001417,부산대신중학교,ELIGIBLE,ACTIVE,ELIGIBLE,ACTIVE,POSSIBLE,False,True,False,False,
S020001465,부민초,S020001439,초장중,ELIGIBLE,ACTIVE,ELIGIBLE,ACTIVE,POSSIBLE,False,True,False,False,
S020001465,부민초,S020001409,대신여중,ELIGIBLE,ACTIVE,ELIGIBLE,ACTIVE,POSSIBLE,False,True,False,False,
S020001465,부민초,S020001420,부산여중,ELIGIBLE,ACTIVE,ELIGIBLE,ACTIVE,POSSIBLE,False,True,False,False,
S020001465,부민초,S020001423,부산중앙여자중학교,ELIGIBLE,ACTIVE,ELIGIBLE,ACTIVE,POSSIBLE,False,True,False,False,
S020001459,대신초,S020001401,경남중,ELIGIBLE,ACTIVE,ELIGIBLE,ACTIVE,POSSIBLE,False,True,False,False,
S020001459,대신초,S020001417,부산대신중학교,ELIGIBLE,ACTIVE,ELIGIBLE,ACTIVE,POSSIBLE,False,True,False,False,
S020001459,대신초,S020001439,초장중,ELIGIBLE,ACTIVE,ELIGIBLE,ACTIVE,POSSIBLE,False,True,False,False,
S020001459,대신초,S020001420,부산여중,ELIGIBLE,ACTIVE,ELIGIBLE,ACTIVE,POSSIBLE,False,True,False,False,
S020001459,대신초,S020001423,부산중앙여자중학교,ELIGIBLE,ACTIVE,ELIGIBLE,ACTIVE,POSSIBLE,False,True,False,False,
S020001449,구덕초,S020001401,경남중,ELIGIBLE,ACTIVE,ELIGIBLE,ACTIVE,POSSIBLE,False,True,False,False,
S020001449,구덕초,S020001417,부산대신중학교,ELIGIBLE,ACTIVE,ELIGIBLE,ACTIVE,POSSIBLE,False,True,False,False,
S020001449,구덕초,S020001409,대신여중,ELIGIBLE,ACTIVE,ELIGIBLE,ACTIVE,POSSIBLE,False,True,False,False,
S020001449,구덕초,S020001420,부산여중,ELIGIBLE,ACTIVE,ELIGIBLE,ACTIVE,POSSIBLE,False,True,False,False,
S020001462,동신초,S020001401,경남중,ELIGIBLE,ACTIVE,ELIGIBLE,ACTIVE,POSSIBLE,False,True,False,False,
S020001462,동신초,S020001417,부산대신중학교,ELIGIBLE,ACTIVE,ELIGIBLE,ACTIVE,POSSIBLE,False,True,False,False,
S020001462,동신초,S020000608,덕원중,ELIGIBLE,ACTIVE,ELIGIBLE,ACTIVE,POSSIBLE,False,True,False,False,
S020001462,동신초,S020001409,대신여중,ELIGIBLE,ACTIVE,ELIGIBLE,ACTIVE,POSSIBLE,False,True,False,False,
S020001462,동신초,S020001420,부산여중,ELIGIBLE,ACTIVE,ELIGIBLE,ACTIVE,POSSIBLE,False,True,False,False,
S020001462,동신초,S020001423,부산중앙여자중학교,ELIGIBLE,ACTIVE,ELIGIBLE,ACTIVE,POSSIBLE,False,True,False,False,
S020001495,화랑초,S020001401,경남중,ELIGIBLE,ACTIVE,ELIGIBLE,ACTIVE,POSSIBLE,False,True,False,False,
S020001495,화랑초,S020000608,덕원중,ELIGIBLE,ACTIVE,ELIGIBLE,ACTIVE,POSSIBLE,False,True,False,False,
S020001495,화랑초,S020001409,대신여중,ELIGIBLE,ACTIVE,ELIGIBLE,ACTIVE,POSSIBLE,False,True,False,False,
S020001495,화랑초,S020001420,부산여중,ELIGIBLE,ACTIVE,ELIGIBLE,ACTIVE,POSSIBLE,False,True,False,False,
S020000639,보수초,S020001401,경남중,ELIGIBLE,ACTIVE,ELIGIBLE,ACTIVE,POSSIBLE,False,True,False,False,
S020000639,보수초,S020000608,덕원중,ELIGIBLE,ACTIVE,ELIGIBLE,ACTIVE,POSSIBLE,False,True,False,False,
S020000639,보수초,S020001409,대신여중,ELIGIBLE,ACTIVE,ELIGIBLE,ACTIVE,POSSIBLE,False,True,False,False,
S020000639,보수초,S020001420,부산여중,ELIGIBLE,ACTIVE,ELIGIBLE,ACTIVE,POSSIBLE,False,True,False,False,
S020000625,광일초,S020001401,경남중,ELIGIBLE,ACTIVE,ELIGIBLE,ACTIVE,POSSIBLE,False,True,False,False,
S020000625,광일초,S020000608,덕원중,ELIGIBLE,ACTIVE,ELIGIBLE,ACTIVE,POSSIBLE,False,True,False,False,
S020000625,광일초,S020000600,경남여중,ELIGIBLE,ACTIVE,ELIGIBLE,ACTIVE,POSSIBLE,False,True,False,False,
S020000625,광일초,S020000618,선화여중,ELIGIBLE,ACTIVE,ELIGIBLE,ACTIVE,POSSIBLE,False,True,False,False,
S020000640,봉래초,S020000608,덕원중,ELIGIBLE,ACTIVE,ELIGIBLE,ACTIVE,POSSIBLE,False,True,False,False,
S020000640,봉래초,S020001417,부산대신중학교,ELIGIBLE,ACTIVE,ELIGIBLE,ACTIVE,POSSIBLE,False,True,False,False,
S020000640,봉래초,S020000600,경남여중,ELIGIBLE,ACTIVE,ELIGIBLE,ACTIVE,POSSIBLE,False,True,False,False,
S020000640,봉래초,S020000618,선화여중,ELIGIBLE,ACTIVE,ELIGIBLE,ACTIVE,POSSIBLE,False,True,False,False,
S020001241,구학초,S020001401,경남중,ELIGIBLE,ACTIVE,ELIGIBLE,ACTIVE,POSSIBLE,False,True,False,False,
S020001241,구학초,S020001417,부산대신중학교,ELIGIBLE,ACTIVE,ELIGIBLE,ACTIVE,POSSIBLE,False,True,False,False,
S020001241,구학초,S020001439,초장중,ELIGIBLE,ACTIVE,ELIGIBLE,ACTIVE,POSSIBLE,False,True,False,False,
S020001241,구학초,S020001409,대신여중,ELIGIBLE,ACTIVE,ELIGIBLE,ACTIVE,POSSIBLE,False,True,False,False,
S020001241,구학초,S020001420,부산여중,ELIGIBLE,ACTIVE,ELIGIBLE,ACTIVE,POSSIBLE,False,True,False,False,
S020001241,구학초,S020001423,부산중앙여자중학교,ELIGIBLE,ACTIVE,ELIGIBLE,ACTIVE,POSSIBLE,False,True,False,False,
S020001660,반안초,S020001629,반안중,ELIGIBLE,ACTIVE,ELIGIBLE,ACTIVE,POSSIBLE,False,True,False,False,
S020001660,반안초,S020001630,반여중,ELIGIBLE,ACTIVE,ELIGIBLE,ACTIVE,POSSIBLE,False,True,False,False,
S020001660,반안초,S020001641,재송중,ELIGIBLE,ACTIVE,ELIGIBLE,ACTIVE,POSSIBLE,False,True,False,False,
S020001660,반안초,S020001857,인지중,ELIGIBLE,ACTIVE,ELIGIBLE,ACTIVE,POSSIBLE,False,True,False,False,
S020001664,상당초,S020001633,상당중,ELIGIBLE,ACTIVE,ELIGIBLE,ACTIVE,POSSIBLE,False,True,False,False,
S020001664,상당초,S020001635,신곡중,ELIGIBLE,ACTIVE,ELIGIBLE,ACTIVE,POSSIBLE,False,True,False,False,
S020001664,상당초,S020001632,부흥중,ELIGIBLE,ACTIVE,ELIGIBLE,ACTIVE,POSSIBLE,False,True,False,False,
S020001664,상당초,S020001636,신도중,ELIGIBLE,ACTIVE,ELIGIBLE,ACTIVE,POSSIBLE,False,True,False,False,
S020001664,상당초,S020001637,양운중,ELIGIBLE,ACTIVE,ELIGIBLE,ACTIVE,POSSIBLE,False,True,False,False,
S020001905,센텀초,S020001910,센텀중,EXACT,ACTIVE,ELIGIBLE,ACTIVE,CONFIRMED,True,True,False,True,1.0
S020001905,센텀초,S020001641,재송중,GROUP_MEMBERSHIP,EXCLUDED_NOT_APPLICABLE,ELIGIBLE,ACTIVE,EXCLUDED,False,False,False,True,0.0
S020001905,센텀초,S020001640,재송여자중,GROUP_MEMBERSHIP,EXCLUDED_NOT_APPLICABLE,ELIGIBLE,ACTIVE,EXCLUDED,False,False,False,True,0.0
S020001668,수영초,S020001623,동수영중,ELIGIBLE,ACTIVE,ELIGIBLE,ACTIVE,POSSIBLE,False,True,False,False,
S020001668,수영초,S020001631,부산수영중학교,ELIGIBLE,ACTIVE,ELIGIBLE,ACTIVE,POSSIBLE,False,True,False,False,
S020001668,수영초,S020001620,광안중,ELIGIBLE,ACTIVE,ELIGIBLE,ACTIVE,POSSIBLE,False,True,False,False,
S020001668,수영초,S020001642,한바다중,ELIGIBLE,ACTIVE,ELIGIBLE,ACTIVE,POSSIBLE,False,True,False,False,
S020001668,수영초,S020001624,동아중,ELIGIBLE,ACTIVE,ELIGIBLE,ACTIVE,POSSIBLE,False,True,False,False,
S020001695,호암초,S020001631,부산수영중학교,ELIGIBLE,ACTIVE,ELIGIBLE,ACTIVE,POSSIBLE,False,True,False,False,
S020001695,호암초,S020001623,동수영중,ELIGIBLE,ACTIVE,ELIGIBLE,ACTIVE,POSSIBLE,False,True,False,False,
S020001695,호암초,S020001642,한바다중,ELIGIBLE,ACTIVE,ELIGIBLE,ACTIVE,POSSIBLE,False,True,False,False,
S020001695,호암초,S020001620,광안중,ELIGIBLE,ACTIVE,ELIGIBLE,ACTIVE,POSSIBLE,False,True,False,False,
S020001695,호암초,S020001624,동아중,ELIGIBLE,ACTIVE,ELIGIBLE,ACTIVE,POSSIBLE,False,True,False,False,
S020001682,재송초,S020001641,재송중,ELIGIBLE,ACTIVE,ELIGIBLE,ACTIVE,POSSIBLE,False,True,False,False,
S020001682,재송초,S020001640,재송여자중,ELIGIBLE,ACTIVE,ELIGIBLE,ACTIVE,POSSIBLE,False,True,False,False,
S020001682,재송초,S020001910,센텀중,ELIGIBLE,ACTIVE,ELIGIBLE,ACTIVE,POSSIBLE,False,True,False,False,
S020000832,장서초,S020000765,구서여중,ELIGIBLE,ACTIVE,ELIGIBLE,ACTIVE,POSSIBLE,False,True,False,False,
S020000832,장서초,,지산중,ELIGIBLE,EXCLUDED_AMBIGUOUS_SCHOOL,ELIGIBLE,EXCLUDED_AMBIGUOUS_SCHOOL,AMBIGUOUS,False,False,False,False,
S020000832,장서초,S020000795,장전중,ELIGIBLE,ACTIVE,ELIGIBLE,ACTIVE,POSSIBLE,False,True,False,False,
S020000832,장서초,S020000770,남산중,ELIGIBLE,ACTIVE,ELIGIBLE,ACTIVE,POSSIBLE,False,True,False,False,
S020000802,구서초,S020000765,구서여중,ELIGIBLE,ACTIVE,ELIGIBLE,ACTIVE,POSSIBLE,False,True,False,False,
S020000802,구서초,,지산중,ELIGIBLE,EXCLUDED_AMBIGUOUS_SCHOOL,ELIGIBLE,EXCLUDED_AMBIGUOUS_SCHOOL,AMBIGUOUS,False,False,False,False,
S020000802,구서초,S020000770,남산중,ELIGIBLE,ACTIVE,ELIGIBLE,ACTIVE,POSSIBLE,False,True,False,False,
S020000807,금정초,S020000795,장전중,ELIGIBLE,ACTIVE,ELIGIBLE,ACTIVE,POSSIBLE,False,True,False,False,
S020000807,금정초,,금전중,ELIGIBLE,EXCLUDED_AMBIGUOUS_SCHOOL,ELIGIBLE,EXCLUDED_AMBIGUOUS_SCHOOL,AMBIGUOUS,False,False,False,False,
S020000807,금정초,S020000777,부곡여자중,ELIGIBLE,ACTIVE,ELIGIBLE,ACTIVE,POSSIBLE,False,True,False,False,
S020000807,금정초,S020000776,동현중,ELIGIBLE,ACTIVE,ELIGIBLE,ACTIVE,POSSIBLE,False,True,False,False,
S020000806,금양초,S020000777,부곡여자중,ELIGIBLE,ACTIVE,ELIGIBLE,ACTIVE,POSSIBLE,False,True,False,False,
S020000806,금양초,,금전중,ELIGIBLE,EXCLUDED_AMBIGUOUS_SCHOOL,ELIGIBLE,EXCLUDED_AMBIGUOUS_SCHOOL,AMBIGUOUS,False,False,False,False,
S020000806,금양초,S020000776,동현중,ELIGIBLE,ACTIVE,ELIGIBLE,ACTIVE,POSSIBLE,False,True,False,False,
S020000806,금양초,S020000778,부곡중,ELIGIBLE,ACTIVE,ELIGIBLE,ACTIVE,POSSIBLE,False,True,False,False,
S020000808,낙민초,S020000773,동래중,ELIGIBLE,ACTIVE,ELIGIBLE,ACTIVE,POSSIBLE,False,True,False,False,
S020000808,낙민초,,내민중,ELIGIBLE,EXCLUDED_AMBIGUOUS_SCHOOL,ELIGIBLE,EXCLUDED_AMBIGUOUS_SCHOOL,AMBIGUOUS,False,False,False,False,
S020000808,낙민초,S020000794,유락여자중,ELIGIBLE,ACTIVE,ELIGIBLE,ACTIVE,POSSIBLE,False,True,False,False,
S020000815,동현초,S020000776,동현중,ELIGIBLE,ACTIVE,ELIGIBLE,ACTIVE,POSSIBLE,False,True,False,False,
S020000815,동현초,S020000777,부곡여자중,ELIGIBLE,ACTIVE,ELIGIBLE,ACTIVE,POSSIBLE,False,True,False,False,
S020000815,동현초,S020000778,부곡중,ELIGIBLE,ACTIVE,ELIGIBLE,ACTIVE,POSSIBLE,False,True,False,False,
S020000815,동현초,,금전중,ELIGIBLE,EXCLUDED_AMBIGUOUS_SCHOOL,ELIGIBLE,EXCLUDED_AMBIGUOUS_SCHOOL,AMBIGUOUS,False,False,False,False,
S020001001,과정초,S020000981,연천중,ELIGIBLE,ACTIVE,ELIGIBLE,ACTIVE,POSSIBLE,False,True,False,False,
S020001001,과정초,S020000980,연제중,ELIGIBLE,ACTIVE,ELIGIBLE,ACTIVE,POSSIBLE,False,True,False,False,
S020001001,과정초,S020001626,망미중,ELIGIBLE,ACTIVE,ELIGIBLE,ACTIVE,POSSIBLE,False,True,False,False,
S020001001,과정초,S020000987,토현중,ELIGIBLE,ACTIVE,ELIGIBLE,ACTIVE,POSSIBLE,False,True,False,False,
S020000819,명장초,S020000786,안락중,ELIGIBLE,ACTIVE,ELIGIBLE,ACTIVE,POSSIBLE,False,True,False,False,
S020000819,명장초,S020000797,충렬중,ELIGIBLE,ACTIVE,ELIGIBLE,ACTIVE,POSSIBLE,False,True,False,False,
S020000819,명장초,S020000799,혜화여자중,ELIGIBLE,ACTIVE,ELIGIBLE,ACTIVE,POSSIBLE,False,True,False,False,
S020000819,명장초,S020000798,학산여자중,ELIGIBLE,ACTIVE,ELIGIBLE,ACTIVE,POSSIBLE,False,True,False,False,
S020001029,연천초,S020000981,연천중,ELIGIBLE,ACTIVE,ELIGIBLE,ACTIVE,POSSIBLE,False,True,False,False,
S020001029,연천초,S020000987,토현중,ELIGIBLE,ACTIVE,ELIGIBLE,ACTIVE,POSSIBLE,False,True,False,False,
S020001029,연천초,S020000980,연제중,ELIGIBLE,ACTIVE,ELIGIBLE,ACTIVE,POSSIBLE,False,True,False,False,
S020001029,연천초,S020001626,망미중,ELIGIBLE,ACTIVE,ELIGIBLE,ACTIVE,POSSIBLE,False,True,False,False,
S020001034,창신초,S020000959,거제여자중,ELIGIBLE,ACTIVE,ELIGIBLE,ACTIVE,POSSIBLE,False,True,False,False,
S020001034,창신초,S020000789,여명중,ELIGIBLE,ACTIVE,ELIGIBLE,ACTIVE,POSSIBLE,False,True,False,False,
S020001034,창신초,S020000983,이사벨중,ELIGIBLE,ACTIVE,ELIGIBLE,ACTIVE,POSSIBLE,False,True,False,False,
S020001021,연동초,S020000980,연제중,ELIGIBLE,ACTIVE,ELIGIBLE,ACTIVE,POSSIBLE,False,True,False,False,
S020001021,연동초,S020000978,연산중,ELIGIBLE,ACTIVE,ELIGIBLE,ACTIVE,POSSIBLE,False,True,False,False,
S020001021,연동초,S020000774,동신중,ELIGIBLE,ACTIVE,ELIGIBLE,ACTIVE,POSSIBLE,False,True,False,False,
S020001021,연동초,S020000983,이사벨중,ELIGIBLE,ACTIVE,ELIGIBLE,ACTIVE,POSSIBLE,False,True,False,False,
S020000833,장전초,S020000795,장전중,ELIGIBLE,ACTIVE,ELIGIBLE,ACTIVE,POSSIBLE,False,True,False,False,
S020000833,장전초,S020000769,금정중,ELIGIBLE,ACTIVE,ELIGIBLE,ACTIVE,POSSIBLE,False,True,False,False,
S020000833,장전초,S020000777,부곡여자중,ELIGIBLE,ACTIVE,ELIGIBLE,ACTIVE,POSSIBLE,False,True,False,False,
S020002045,용소초,S020000606,대연중,GROUP_MEMBERSHIP,EXCLUDED_NOT_APPLICABLE,ELIGIBLE,ACTIVE,EXCLUDED,False,False,False,True,
S020002045,용소초,S020000607,대천중,ELIGIBLE,ACTIVE,ELIGIBLE,ACTIVE,POSSIBLE,False,True,False,True,0.5
S020002045,용소초,S020000604,남천중,ELIGIBLE,ACTIVE,ELIGIBLE,ACTIVE,POSSIBLE,False,True,False,True,0.5
S020002045,용소초,S020000624,해연중,ELIGIBLE,EXCLUDED_NOT_APPLICABLE,ELIGIBLE,ACTIVE,EXCLUDED,False,False,False,True,
S020000655,우암초,S020000612,배정중,ELIGIBLE,ACTIVE,ELIGIBLE,ACTIVE,POSSIBLE,False,True,False,False,
S020000655,우암초,S020000599,감만중,ELIGIBLE,ACTIVE,ELIGIBLE,ACTIVE,POSSIBLE,False,True,False,False,
S020000655,우암초,S020000606,대연중,ELIGIBLE,ACTIVE,ELIGIBLE,ACTIVE,POSSIBLE,False,True,False,False,
S020000633,동천초,S020000612,배정중,ELIGIBLE,ACTIVE,ELIGIBLE,ACTIVE,POSSIBLE,False,True,False,False,
S020000633,동천초,S020000611,문현여중,ELIGIBLE,ACTIVE,ELIGIBLE,ACTIVE,POSSIBLE,False,True,False,False,
S020000633,동천초,S020000606,대연중,ELIGIBLE,ACTIVE,ELIGIBLE,ACTIVE,POSSIBLE,False,True,False,False,
S020000646,성천초,S020000612,배정중,ELIGIBLE,ACTIVE,ELIGIBLE,ACTIVE,POSSIBLE,False,True,False,False,
S020000646,성천초,S020000611,문현여중,ELIGIBLE,ACTIVE,ELIGIBLE,ACTIVE,POSSIBLE,False,True,False,False,
S020000634,동항초,S020000599,감만중,ELIGIBLE,ACTIVE,ELIGIBLE,ACTIVE,POSSIBLE,False,True,False,False,
S020000634,동항초,S020000612,배정중,ELIGIBLE,ACTIVE,ELIGIBLE,ACTIVE,POSSIBLE,False,True,False,False,
S020000634,동항초,S020000617,석포여중,ELIGIBLE,ACTIVE,ELIGIBLE,ACTIVE,POSSIBLE,False,True,False,False,
S020000643,석포초,S020000617,석포여중,ELIGIBLE,ACTIVE,ELIGIBLE,ACTIVE,POSSIBLE,False,True,False,False,
S020000643,석포초,S020000606,대연중,ELIGIBLE,ACTIVE,ELIGIBLE,ACTIVE,POSSIBLE,False,True,False,False,
S020000643,석포초,S020000599,감만중,ELIGIBLE,ACTIVE,ELIGIBLE,ACTIVE,POSSIBLE,False,True,False,False,
S020000651,용당초,S020000617,석포여중,ELIGIBLE,ACTIVE,ELIGIBLE,ACTIVE,POSSIBLE,False,True,False,False,
S020000651,용당초,S020000606,대연중,ELIGIBLE,ACTIVE,ELIGIBLE,ACTIVE,POSSIBLE,False,True,False,False,
S020000651,용당초,S020000599,감만중,ELIGIBLE,ACTIVE,ELIGIBLE,ACTIVE,POSSIBLE,False,True,False,False,
S020000637,백운초,S020000623,용호중,ELIGIBLE,ACTIVE,ELIGIBLE,ACTIVE,POSSIBLE,False,True,False,False,
S020000637,백운초,S020002007,오륙도중,ELIGIBLE,ACTIVE,ELIGIBLE,ACTIVE,POSSIBLE,False,True,False,False,
S020000637,백운초,S020000616,분포중,ELIGIBLE,ACTIVE,ELIGIBLE,ACTIVE,POSSIBLE,False,True,False,False,
S020000654,용호초,S020000623,용호중,ELIGIBLE,ACTIVE,ELIGIBLE,ACTIVE,POSSIBLE,False,True,False,False,
S020000654,용호초,S020002007,오륙도중,ELIGIBLE,ACTIVE,ELIGIBLE,ACTIVE,POSSIBLE,False,True,False,False,
S020000654,용호초,S020000616,분포중,ELIGIBLE,ACTIVE,ELIGIBLE,ACTIVE,POSSIBLE,False,True,False,False,
S020000652,용산초,S020000623,용호중,ELIGIBLE,ACTIVE,ELIGIBLE,ACTIVE,POSSIBLE,False,True,False,False,
S020000652,용산초,S020002007,오륙도중,ELIGIBLE,ACTIVE,ELIGIBLE,ACTIVE,POSSIBLE,False,True,False,False,
S020000652,용산초,S020000616,분포중,ELIGIBLE,ACTIVE,ELIGIBLE,ACTIVE,POSSIBLE,False,True,False,False,
S020000656,운산초,S020000623,용호중,ELIGIBLE,ACTIVE,ELIGIBLE,ACTIVE,POSSIBLE,False,True,False,False,
S020000656,운산초,S020002007,오륙도중,ELIGIBLE,ACTIVE,ELIGIBLE,ACTIVE,POSSIBLE,False,True,False,False,
S020000656,운산초,S020000616,분포중,ELIGIBLE,ACTIVE,ELIGIBLE,ACTIVE,POSSIBLE,False,True,False,False,
S020001867,용문초,S020000616,분포중,ELIGIBLE,ACTIVE,ELIGIBLE,ACTIVE,POSSIBLE,False,True,False,False,
S020001867,용문초,S020000623,용호중,ELIGIBLE,ACTIVE,ELIGIBLE,ACTIVE,POSSIBLE,False,True,False,False,
S020000641,분포초,S020000616,분포중,ELIGIBLE,ACTIVE,ELIGIBLE,ACTIVE,POSSIBLE,False,True,False,False,
S020000641,분포초,S020000623,용호중,ELIGIBLE,ACTIVE,ELIGIBLE,ACTIVE,POSSIBLE,False,True,False,False,
S020002001,오륙도초,S020002007,오륙도중,ELIGIBLE,ACTIVE,ELIGIBLE,ACTIVE,POSSIBLE,False,True,False,False,
S020000645,성동초,S020000611,문현여중,ELIGIBLE,ACTIVE,ELIGIBLE,ACTIVE,POSSIBLE,False,True,False,False,
S020000645,성동초,S020000612,배정중,ELIGIBLE,ACTIVE,ELIGIBLE,ACTIVE,POSSIBLE,False,True,False,False,
S020000645,성동초,S020000972,부산중앙중,ELIGIBLE,ACTIVE,ELIGIBLE,ACTIVE,POSSIBLE,False,True,False,False,
S020000635,문현초,S020000611,문현여중,ELIGIBLE,ACTIVE,ELIGIBLE,ACTIVE,POSSIBLE,False,True,False,False,
S020000635,문현초,S020000612,배정중,ELIGIBLE,ACTIVE,ELIGIBLE,ACTIVE,POSSIBLE,False,True,False,False,
S020000635,문현초,S020000613,부산동여중,ELIGIBLE,ACTIVE,ELIGIBLE,ACTIVE,POSSIBLE,False,True,False,False,
S020000650,연포초,S020000624,해연중,ELIGIBLE,ACTIVE,ELIGIBLE,ACTIVE,POSSIBLE,False,True,False,False,
S020000650,연포초,S020000606,대연중,ELIGIBLE,ACTIVE,ELIGIBLE,ACTIVE,POSSIBLE,False,True,False,False,
S020000650,연포초,S020000617,석포여중,ELIGIBLE,ACTIVE,ELIGIBLE,ACTIVE,POSSIBLE,False,True,False,False,
S020000650,연포초,S020000612,배정중,ELIGIBLE,ACTIVE,ELIGIBLE,ACTIVE,POSSIBLE,False,True,False,False,
S020000629,대연초,S020000606,대연중,ELIGIBLE,ACTIVE,ELIGIBLE,ACTIVE,POSSIBLE,False,True,False,False,
S020000629,대연초,S020000624,해연중,ELIGIBLE,ACTIVE,ELIGIBLE,ACTIVE,POSSIBLE,False,True,False,False,
S020000629,대연초,S020000617,석포여중,ELIGIBLE,ACTIVE,ELIGIBLE,ACTIVE,POSSIBLE,False,True,False,False,
S020000649,신연초,S020000624,해연중,ELIGIBLE,ACTIVE,ELIGIBLE,ACTIVE,POSSIBLE,False,True,False,False,
S020000649,신연초,S020000606,대연중,ELIGIBLE,ACTIVE,ELIGIBLE,ACTIVE,POSSIBLE,False,True,False,False,
S020000649,신연초,S020000611,문현여중,ELIGIBLE,ACTIVE,ELIGIBLE,ACTIVE,POSSIBLE,False,True,False,False,
S020000649,신연초,S020000612,배정중,ELIGIBLE,ACTIVE,ELIGIBLE,ACTIVE,POSSIBLE,False,True,False,False,
S020000630,대천초,S020000607,대천중,ELIGIBLE,ACTIVE,ELIGIBLE,ACTIVE,POSSIBLE,False,True,False,False,
S020000630,대천초,S020000606,대연중,ELIGIBLE,ACTIVE,ELIGIBLE,ACTIVE,POSSIBLE,False,True,False,False,
S020000630,대천초,S020000604,남천중,ELIGIBLE,ACTIVE,ELIGIBLE,ACTIVE,POSSIBLE,False,True,False,False,
S020000628,대남초,S020000604,남천중,ELIGIBLE,ACTIVE,ELIGIBLE,ACTIVE,POSSIBLE,False,True,False,False,
S020000628,대남초,S020000607,대천중,ELIGIBLE,ACTIVE,ELIGIBLE,ACTIVE,POSSIBLE,False,True,False,False,
S020000628,대남초,S020000606,대연중,ELIGIBLE,ACTIVE,ELIGIBLE,ACTIVE,POSSIBLE,False,True,False,False,
S020001650,남천초,S020000604,남천중,ELIGIBLE,ACTIVE,ELIGIBLE,ACTIVE,POSSIBLE,False,True,False,False,
S020001650,남천초,S020001624,동아중,ELIGIBLE,ACTIVE,ELIGIBLE,ACTIVE,POSSIBLE,False,True,False,False,
S020001650,남천초,S020000607,대천중,ELIGIBLE,ACTIVE,ELIGIBLE,ACTIVE,POSSIBLE,False,True,False,False,
S020001646,광남초,S020000604,남천중,ELIGIBLE,ACTIVE,ELIGIBLE,ACTIVE,POSSIBLE,False,True,False,False,
S020001646,광남초,S020001624,동아중,ELIGIBLE,ACTIVE,ELIGIBLE,ACTIVE,POSSIBLE,False,True,False,False,
S020001646,광남초,S020001642,한바다중,ELIGIBLE,ACTIVE,ELIGIBLE,ACTIVE,POSSIBLE,False,True,False,False,
S020001020,양정초,S020001918,양동여중,ELIGIBLE,ACTIVE,ELIGIBLE,ACTIVE,POSSIBLE,False,True,False,False,
S020001020,양정초,S020000963,동의중,ELIGIBLE,ACTIVE,ELIGIBLE,ACTIVE,POSSIBLE,False,True,False,False,
S020001020,양정초,S020000973,부산진여중,ELIGIBLE,ACTIVE,ELIGIBLE,ACTIVE,POSSIBLE,False,True,False,False,
S020001018,양동초,S020001918,양동여중,ELIGIBLE,ACTIVE,ELIGIBLE,ACTIVE,POSSIBLE,False,True,False,False,
S020001018,양동초,S020000963,동의중,ELIGIBLE,ACTIVE,ELIGIBLE,ACTIVE,POSSIBLE,False,True,False,False,
S020001018,양동초,S020000973,부산진여중,ELIGIBLE,ACTIVE,ELIGIBLE,ACTIVE,POSSIBLE,False,True,False,False,
S020001019,양성초,S020001918,양동여중,ELIGIBLE,ACTIVE,ELIGIBLE,ACTIVE,POSSIBLE,False,True,False,False,
S020001019,양성초,S020000963,동의중,ELIGIBLE,ACTIVE,ELIGIBLE,ACTIVE,POSSIBLE,False,True,False,False,
S020001019,양성초,S020000973,부산진여중,ELIGIBLE,ACTIVE,ELIGIBLE,ACTIVE,POSSIBLE,False,True,False,False,
S020001016,성전초,S020000963,동의중,ELIGIBLE,ACTIVE,ELIGIBLE,ACTIVE,POSSIBLE,False,True,False,False,
S020001016,성전초,S020001918,양동여중,ELIGIBLE,ACTIVE,ELIGIBLE,ACTIVE,POSSIBLE,False,True,False,False,
S020001016,성전초,S020000988,항도중,ELIGIBLE,ACTIVE,ELIGIBLE,ACTIVE,POSSIBLE,False,True,False,False,
S020001016,성전초,S020000973,부산진여중,ELIGIBLE,ACTIVE,ELIGIBLE,ACTIVE,POSSIBLE,False,True,False,False,
S020001031,전포초,S020000988,항도중,ELIGIBLE,ACTIVE,ELIGIBLE,ACTIVE,POSSIBLE,False,True,False,False,
S020001031,전포초,S020000963,동의중,ELIGIBLE,ACTIVE,ELIGIBLE,ACTIVE,POSSIBLE,False,True,False,False,
S020001031,전포초,S020000961,덕명여중,ELIGIBLE,ACTIVE,ELIGIBLE,ACTIVE,POSSIBLE,False,True,False,False,
S020001031,전포초,S020000973,부산진여중,ELIGIBLE,ACTIVE,ELIGIBLE,ACTIVE,POSSIBLE,False,True,False,False,
S020001014,성북초,S020000971,부산동중,ELIGIBLE,ACTIVE,ELIGIBLE,ACTIVE,POSSIBLE,False,True,False,False,
S020001014,성북초,S020000961,덕명여중,ELIGIBLE,ACTIVE,ELIGIBLE,ACTIVE,POSSIBLE,False,True,False,False,
S020001014,성북초,S020000973,부산진여중,ELIGIBLE,ACTIVE,ELIGIBLE,ACTIVE,POSSIBLE,False,True,False,False,
S020001010,부산진초,S020000971,부산동중,ELIGIBLE,ACTIVE,ELIGIBLE,ACTIVE,POSSIBLE,False,True,False,False,
S020001010,부산진초,S020000961,덕명여중,ELIGIBLE,ACTIVE,ELIGIBLE,ACTIVE,POSSIBLE,False,True,False,False,
S020001010,부산진초,S020000973,부산진여중,ELIGIBLE,ACTIVE,ELIGIBLE,ACTIVE,POSSIBLE,False,True,False,False,
S020001013,선암초,S020000976,서면중,ELIGIBLE,ACTIVE,ELIGIBLE,ACTIVE,POSSIBLE,False,True,False,False,
S020001013,선암초,S020000960,광무여중,ELIGIBLE,ACTIVE,ELIGIBLE,ACTIVE,POSSIBLE,False,True,False,False,
S020001013,선암초,S020000955,가야여중,ELIGIBLE,ACTIVE,ELIGIBLE,ACTIVE,POSSIBLE,False,True,False,False,
S020001013,선암초,S020000967,부산개성중,ELIGIBLE,ACTIVE,ELIGIBLE,ACTIVE,POSSIBLE,False,True,False,False,
S020000989,가남초,S020000955,가야여중,ELIGIBLE,ACTIVE,ELIGIBLE,ACTIVE,POSSIBLE,False,True,False,False,
S020000989,가남초,S020000976,서면중,ELIGIBLE,ACTIVE,ELIGIBLE,ACTIVE,POSSIBLE,False,True,False,False,
S020000989,가남초,S020000967,부산개성중,ELIGIBLE,ACTIVE,ELIGIBLE,ACTIVE,POSSIBLE,False,True,False,False,
S020001012,부전초,S020000976,서면중,ELIGIBLE,ACTIVE,ELIGIBLE,ACTIVE,POSSIBLE,False,True,False,False,
S020001012,부전초,S020000960,광무여중,ELIGIBLE,ACTIVE,ELIGIBLE,ACTIVE,POSSIBLE,False,True,False,False,
S020001012,부전초,S020000974,부산진중,ELIGIBLE,ACTIVE,ELIGIBLE,ACTIVE,POSSIBLE,False,True,False,False,
S020001017,성지초,S020000986,초읍중,ELIGIBLE,ACTIVE,ELIGIBLE,ACTIVE,POSSIBLE,False,True,False,False,
S020001017,성지초,S020000984,초연중,ELIGIBLE,ACTIVE,ELIGIBLE,ACTIVE,POSSIBLE,False,True,False,False,
S020001017,성지초,S020000974,부산진중,ELIGIBLE,ACTIVE,ELIGIBLE,ACTIVE,POSSIBLE,False,True,False,False,
S020001015,성서초,S020000974,부산진중,ELIGIBLE,ACTIVE,ELIGIBLE,ACTIVE,POSSIBLE,False,True,False,False,
S020001015,성서초,S020000964,동평여중,ELIGIBLE,ACTIVE,ELIGIBLE,ACTIVE,POSSIBLE,False,True,False,False,
S020001015,성서초,S020000965,동평중,ELIGIBLE,ACTIVE,ELIGIBLE,ACTIVE,POSSIBLE,False,True,False,False,
S020001011,부암초,S020000965,동평중,ELIGIBLE,ACTIVE,ELIGIBLE,ACTIVE,POSSIBLE,False,True,False,False,
S020001011,부암초,S020000964,동평여중,ELIGIBLE,ACTIVE,ELIGIBLE,ACTIVE,POSSIBLE,False,True,False,False,
S020001011,부암초,S020000976,서면중,ELIGIBLE,ACTIVE,ELIGIBLE,ACTIVE,POSSIBLE,False,True,False,False,
S020001011,부암초,S020000960,광무여중,ELIGIBLE,ACTIVE,ELIGIBLE,ACTIVE,POSSIBLE,False,True,False,False,
S020001003,당감초,S020000965,동평중,ELIGIBLE,ACTIVE,ELIGIBLE,ACTIVE,POSSIBLE,False,True,False,False,
S020001003,당감초,S020000964,동평여중,ELIGIBLE,ACTIVE,ELIGIBLE,ACTIVE,POSSIBLE,False,True,False,False,
S020001003,당감초,S020000957,개림중,ELIGIBLE,ACTIVE,ELIGIBLE,ACTIVE,POSSIBLE,False,True,False,False,
S020001003,당감초,S020000976,서면중,ELIGIBLE,ACTIVE,ELIGIBLE,ACTIVE,POSSIBLE,False,True,False,False,
S020001004,당평초,S020000965,동평중,ELIGIBLE,ACTIVE,ELIGIBLE,ACTIVE,POSSIBLE,False,True,False,False,
S020001004,당평초,S020000964,동평여중,ELIGIBLE,ACTIVE,ELIGIBLE,ACTIVE,POSSIBLE,False,True,False,False,
S020001004,당평초,S020000976,서면중,ELIGIBLE,ACTIVE,ELIGIBLE,ACTIVE,POSSIBLE,False,True,False,False,
S020001008,동평초,S020000965,동평중,ELIGIBLE,ACTIVE,ELIGIBLE,ACTIVE,POSSIBLE,False,True,False,False,
S020001008,동평초,S020000964,동평여중,ELIGIBLE,ACTIVE,ELIGIBLE,ACTIVE,POSSIBLE,False,True,False,False,
S020001008,동평초,S020000974,부산진중,ELIGIBLE,ACTIVE,ELIGIBLE,ACTIVE,POSSIBLE,False,True,False,False,
S020001008,동평초,S020000984,초연중,ELIGIBLE,ACTIVE,ELIGIBLE,ACTIVE,POSSIBLE,False,True,False,False,
S020001007,동원초,S020000965,동평중,ELIGIBLE,ACTIVE,ELIGIBLE,ACTIVE,POSSIBLE,False,True,False,False,
S020001007,동원초,S020000964,동평여중,ELIGIBLE,ACTIVE,ELIGIBLE,ACTIVE,POSSIBLE,False,True,False,False,
S020001007,동원초,S020000957,개림중,ELIGIBLE,ACTIVE,ELIGIBLE,ACTIVE,POSSIBLE,False,True,False,False,
S020000991,가야초,S020000955,가야여중,ELIGIBLE,ACTIVE,ELIGIBLE,ACTIVE,POSSIBLE,False,True,False,False,
S020000991,가야초,S020000976,서면중,ELIGIBLE,ACTIVE,ELIGIBLE,ACTIVE,POSSIBLE,False,True,False,False,
S020000991,가야초,S020000967,부산개성중,ELIGIBLE,ACTIVE,ELIGIBLE,ACTIVE,POSSIBLE,False,True,False,False,
S020000991,가야초,S020000957,개림중,ELIGIBLE,ACTIVE,ELIGIBLE,ACTIVE,POSSIBLE,False,True,False,False,
S020000992,가평초,S020000955,가야여중,ELIGIBLE,ACTIVE,ELIGIBLE,ACTIVE,POSSIBLE,False,True,False,False,
S020000992,가평초,S020000967,부산개성중,ELIGIBLE,ACTIVE,ELIGIBLE,ACTIVE,POSSIBLE,False,True,False,False,
S020000992,가평초,S020000976,서면중,ELIGIBLE,ACTIVE,ELIGIBLE,ACTIVE,POSSIBLE,False,True,False,False,
S020000993,개금초,S020000956,개금여중,ELIGIBLE,ACTIVE,ELIGIBLE,ACTIVE,POSSIBLE,False,True,False,False,
S020000993,개금초,S020000957,개림중,ELIGIBLE,ACTIVE,ELIGIBLE,ACTIVE,POSSIBLE,False,True,False,False,
S020000993,개금초,S020000967,부산개성중,ELIGIBLE,ACTIVE,ELIGIBLE,ACTIVE,POSSIBLE,False,True,False,False,
S020000998,개화초,S020000957,개림중,ELIGIBLE,ACTIVE,ELIGIBLE,ACTIVE,POSSIBLE,False,True,False,False,
S020000998,개화초,S020000956,개금여중,ELIGIBLE,ACTIVE,ELIGIBLE,ACTIVE,POSSIBLE,False,True,False,False,
S020000998,개화초,S020000967,부산개성중,ELIGIBLE,ACTIVE,ELIGIBLE,ACTIVE,POSSIBLE,False,True,False,False,
S020000995,개림초,S020000957,개림중,ELIGIBLE,ACTIVE,ELIGIBLE,ACTIVE,POSSIBLE,False,True,False,False,
S020000995,개림초,S020000956,개금여중,ELIGIBLE,ACTIVE,ELIGIBLE,ACTIVE,POSSIBLE,False,True,False,False,
S020000995,개림초,S020000967,부산개성중,ELIGIBLE,ACTIVE,ELIGIBLE,ACTIVE,POSSIBLE,False,True,False,False,
S020001028,연지초,S020000986,초읍중,ELIGIBLE,ACTIVE,ELIGIBLE,ACTIVE,POSSIBLE,False,True,False,False,
S020001028,연지초,S020000984,초연중,ELIGIBLE,ACTIVE,ELIGIBLE,ACTIVE,POSSIBLE,False,True,False,False,
S020001028,연지초,S020000974,부산진중,ELIGIBLE,ACTIVE,ELIGIBLE,ACTIVE,POSSIBLE,False,True,False,False,
S020001030,연학초,S020000974,부산진중,ELIGIBLE,ACTIVE,ELIGIBLE,ACTIVE,POSSIBLE,False,True,False,False,
S020001030,연학초,S020000984,초연중,ELIGIBLE,ACTIVE,ELIGIBLE,ACTIVE,POSSIBLE,False,True,False,False,
S020001030,연학초,S020001918,양동여중,ELIGIBLE,ACTIVE,ELIGIBLE,ACTIVE,POSSIBLE,False,True,False,False,
S020001035,초읍초,S020000986,초읍중,ELIGIBLE,ACTIVE,ELIGIBLE,ACTIVE,POSSIBLE,False,True,False,False,
S020001035,초읍초,S020000984,초연중,ELIGIBLE,ACTIVE,ELIGIBLE,ACTIVE,POSSIBLE,False,True,False,False,
S020000997,개포초,S020001875,동양중,ELIGIBLE,ACTIVE,ELIGIBLE,ACTIVE,POSSIBLE,False,True,False,False,
S020000997,개포초,S020000956,개금여중,ELIGIBLE,ACTIVE,ELIGIBLE,ACTIVE,POSSIBLE,False,True,False,False,
S020000997,개포초,S020000957,개림중,ELIGIBLE,ACTIVE,ELIGIBLE,ACTIVE,POSSIBLE,False,True,False,False,
S020000996,개원초,S020001875,동양중,ELIGIBLE,ACTIVE,ELIGIBLE,ACTIVE,POSSIBLE,False,True,False,False,
S020000996,개원초,S020000956,개금여중,ELIGIBLE,ACTIVE,ELIGIBLE,ACTIVE,POSSIBLE,False,True,False,False,
S020000996,개원초,S020000957,개림중,ELIGIBLE,ACTIVE,ELIGIBLE,ACTIVE,POSSIBLE,False,True,False,False,
S020001890,동양초,S020001875,동양중,ELIGIBLE,ACTIVE,ELIGIBLE,ACTIVE,POSSIBLE,False,True,False,False,
S020001890,동양초,S020000956,개금여중,ELIGIBLE,ACTIVE,ELIGIBLE,ACTIVE,POSSIBLE,False,True,False,False,
S020001032,주례초,S020001230,주례여중,ELIGIBLE,ACTIVE,ELIGIBLE,ACTIVE,POSSIBLE,False,True,False,False,
S020001032,주례초,S020001231,주례중,ELIGIBLE,ACTIVE,ELIGIBLE,ACTIVE,POSSIBLE,False,True,False,False,
S020001032,주례초,S020001218,동주중,ELIGIBLE,ACTIVE,ELIGIBLE,ACTIVE,POSSIBLE,False,True,False,False,
S020001912,주양초,S020001230,주례여중,ELIGIBLE,ACTIVE,ELIGIBLE,ACTIVE,POSSIBLE,False,True,False,False,
S020001912,주양초,S020001231,주례중,ELIGIBLE,ACTIVE,ELIGIBLE,ACTIVE,POSSIBLE,False,True,False,False,
S020001912,주양초,S020001875,동양중,ELIGIBLE,ACTIVE,ELIGIBLE,ACTIVE,POSSIBLE,False,True,False,False,
S020001022,연미초,S020000980,연제중,ELIGIBLE,ACTIVE,ELIGIBLE,ACTIVE,POSSIBLE,False,True,False,False,
S020001022,연미초,S020000978,연산중,ELIGIBLE,ACTIVE,ELIGIBLE,ACTIVE,POSSIBLE,False,True,False,False,
S020001022,연미초,S020000979,연일중,ELIGIBLE,ACTIVE,ELIGIBLE,ACTIVE,POSSIBLE,False,True,False,False,
S020000660,초량초,S020000615,부산중,ELIGIBLE,ACTIVE,ELIGIBLE,ACTIVE,POSSIBLE,False,True,False,False,
S020000660,초량초,S020000618,선화여중,ELIGIBLE,ACTIVE,ELIGIBLE,ACTIVE,POSSIBLE,False,True,False,False,
S020000660,초량초,S020000600,경남여중,ELIGIBLE,ACTIVE,ELIGIBLE,ACTIVE,POSSIBLE,False,True,False,False,
S020000632,동일중앙초,S020000600,경남여중,ELIGIBLE,ACTIVE,ELIGIBLE,ACTIVE,POSSIBLE,False,True,False,False,
S020000632,동일중앙초,S020000615,부산중,ELIGIBLE,ACTIVE,ELIGIBLE,ACTIVE,POSSIBLE,False,True,False,False,
S020000632,동일중앙초,S020000618,선화여중,ELIGIBLE,ACTIVE,ELIGIBLE,ACTIVE,POSSIBLE,False,True,False,False,
S020000648,수정초,S020000600,경남여중,ELIGIBLE,ACTIVE,ELIGIBLE,ACTIVE,POSSIBLE,False,True,False,False,
S020000648,수정초,S020000615,부산중,ELIGIBLE,ACTIVE,ELIGIBLE,ACTIVE,POSSIBLE,False,True,False,False,
S020000648,수정초,S020000614,부산서중,ELIGIBLE,ACTIVE,ELIGIBLE,ACTIVE,POSSIBLE,False,True,False,False,
S020000647,수성초,S020000600,경남여중,ELIGIBLE,ACTIVE,ELIGIBLE,ACTIVE,POSSIBLE,False,True,False,False,
S020000647,수성초,S020000615,부산중,ELIGIBLE,ACTIVE,ELIGIBLE,ACTIVE,POSSIBLE,False,True,False,False,
S020000647,수성초,S020000614,부산서중,ELIGIBLE,ACTIVE,ELIGIBLE,ACTIVE,POSSIBLE,False,True,False,False,
S020000638,범일초,S020000601,금성중,ELIGIBLE,ACTIVE,ELIGIBLE,ACTIVE,POSSIBLE,False,True,False,False,
S020000638,범일초,,데레사여중,ELIGIBLE,EXCLUDED_AMBIGUOUS_SCHOOL,ELIGIBLE,EXCLUDED_AMBIGUOUS_SCHOOL,AMBIGUOUS,False,False,False,False,
S020000638,범일초,S020000613,부산동여중,ELIGIBLE,ACTIVE,ELIGIBLE,ACTIVE,POSSIBLE,False,True,False,False,
S020000638,범일초,S020000614,부산서중,ELIGIBLE,ACTIVE,ELIGIBLE,ACTIVE,POSSIBLE,False,True,False,False,
S020000644,성남초,S020000601,금성중,ELIGIBLE,ACTIVE,ELIGIBLE,ACTIVE,POSSIBLE,False,True,False,False,
S020000644,성남초,,데레사여중,ELIGIBLE,EXCLUDED_AMBIGUOUS_SCHOOL,ELIGIBLE,EXCLUDED_AMBIGUOUS_SCHOOL,AMBIGUOUS,False,False,False,False,
S020000644,성남초,S020000614,부산서중,ELIGIBLE,ACTIVE,ELIGIBLE,ACTIVE,POSSIBLE,False,True,False,False,
S020000625,광일초,S020000608,덕원중,ELIGIBLE,ACTIVE,ELIGIBLE,ACTIVE,POSSIBLE,False,True,False,False,
S020000625,광일초,S020001420,부산여중,ELIGIBLE,ACTIVE,ELIGIBLE,ACTIVE,POSSIBLE,False,True,False,False,
S020000625,광일초,S020001413,동주여중,ELIGIBLE,ACTIVE,ELIGIBLE,ACTIVE,POSSIBLE,False,True,False,False,
S020000625,광일초,S020001417,부산대신중학교,ELIGIBLE,ACTIVE,ELIGIBLE,ACTIVE,POSSIBLE,False,True,False,False,
S020000640,봉래초,S020001416,부산남중,ELIGIBLE,ACTIVE,ELIGIBLE,ACTIVE,POSSIBLE,False,True,False,False,
S020000640,봉래초,,영도중,ELIGIBLE,EXCLUDED_AMBIGUOUS_SCHOOL,ELIGIBLE,EXCLUDED_AMBIGUOUS_SCHOOL,AMBIGUOUS,False,False,False,False,
S020000640,봉래초,,해도중,ELIGIBLE,EXCLUDED_AMBIGUOUS_SCHOOL,ELIGIBLE,EXCLUDED_AMBIGUOUS_SCHOOL,AMBIGUOUS,False,False,False,False,
S020000640,봉래초,S020001430,신선중,ELIGIBLE,ACTIVE,ELIGIBLE,ACTIVE,POSSIBLE,False,True,False,False,
S020001654,망미초,S020001626,망미중,ELIGIBLE,ACTIVE,ELIGIBLE,ACTIVE,POSSIBLE,False,True,False,False,
S020001654,망미초,S020001631,부산수영중학교,ELIGIBLE,ACTIVE,ELIGIBLE,ACTIVE,POSSIBLE,False,True,False,False,
S020001654,망미초,S020001623,동수영중,ELIGIBLE,ACTIVE,ELIGIBLE,ACTIVE,POSSIBLE,False,True,False,False,
S020001671,신재초,S020001641,재송중,ELIGIBLE,ACTIVE,ELIGIBLE,ACTIVE,POSSIBLE,False,True,False,False,
S020001671,신재초,S020001640,재송여중,ELIGIBLE,ACTIVE,ELIGIBLE,ACTIVE,POSSIBLE,False,True,False,False,
S020001671,신재초,S020001629,반안중,ELIGIBLE,ACTIVE,ELIGIBLE,ACTIVE,POSSIBLE,False,True,False,False,
S020001667,수미초,S020001626,망미중,ELIGIBLE,ACTIVE,ELIGIBLE,ACTIVE,POSSIBLE,False,True,False,False,
S020001667,수미초,S020001631,부산수영중학교,ELIGIBLE,ACTIVE,ELIGIBLE,ACTIVE,POSSIBLE,False,True,False,False,
S020001667,수미초,S020001623,동수영중,ELIGIBLE,ACTIVE,ELIGIBLE,ACTIVE,POSSIBLE,False,True,False,False,
S020001670,신도초,S020001636,신도중,ELIGIBLE,ACTIVE,ELIGIBLE,ACTIVE,POSSIBLE,False,True,False,False,
S020001670,신도초,S020001637,양운중,ELIGIBLE,ACTIVE,ELIGIBLE,ACTIVE,POSSIBLE,False,True,False,False,
S020001670,신도초,S020001632,부흥중,ELIGIBLE,ACTIVE,ELIGIBLE,ACTIVE,POSSIBLE,False,True,False,False,
S020001670,신도초,S020001633,상당중,ELIGIBLE,ACTIVE,ELIGIBLE,ACTIVE,POSSIBLE,False,True,False,False,
S020001904,삼어초,S020001630,반여중,ELIGIBLE,ACTIVE,ELIGIBLE,ACTIVE,POSSIBLE,False,True,False,False,
S020001904,삼어초,S020001629,반안중,ELIGIBLE,ACTIVE,ELIGIBLE,ACTIVE,POSSIBLE,False,True,False,False,
S020001904,삼어초,S020001641,재송중,ELIGIBLE,ACTIVE,ELIGIBLE,ACTIVE,POSSIBLE,False,True,False,False,
S020002055,해원초,S020001893,해강중,ELIGIBLE,ACTIVE,ELIGIBLE,ACTIVE,POSSIBLE,False,True,False,False,
S020002055,해원초,S020001644,해운대중,ELIGIBLE,ACTIVE,ELIGIBLE,ACTIVE,POSSIBLE,False,True,False,False,
S020002055,해원초,S020001643,해운대여중,ELIGIBLE,ACTIVE,ELIGIBLE,ACTIVE,POSSIBLE,False,True,False,False,
S020001683,정관초,S020002072,정관중,ELIGIBLE,ACTIVE,ELIGIBLE,ACTIVE,POSSIBLE,False,True,False,False,
S020001683,정관초,S020002009,신정중,ELIGIBLE,ACTIVE,ELIGIBLE,ACTIVE,POSSIBLE,False,True,False,False,
S020001683,정관초,S020002069,모전중,ELIGIBLE,ACTIVE,ELIGIBLE,ACTIVE,POSSIBLE,False,True,False,False,
S020002003,내리초,S020001621,기장중,ELIGIBLE,ACTIVE,ELIGIBLE,ACTIVE,POSSIBLE,False,True,False,False,
S020002003,내리초,S020001839,대청중,ELIGIBLE,ACTIVE,ELIGIBLE,ACTIVE,POSSIBLE,False,True,False,False,
S020002003,내리초,,기장여중,ELIGIBLE,EXCLUDED_AMBIGUOUS_SCHOOL,ELIGIBLE,EXCLUDED_AMBIGUOUS_SCHOOL,AMBIGUOUS,False,False,False,False,
S020001843,인지초,S020001857,인지중,ELIGIBLE,ACTIVE,ELIGIBLE,ACTIVE,POSSIBLE,False,True,False,False,
S020001843,인지초,S020001630,반여중,ELIGIBLE,ACTIVE,ELIGIBLE,ACTIVE,POSSIBLE,False,True,False,False,
S020001843,인지초,S020001629,반안중,ELIGIBLE,ACTIVE,ELIGIBLE,ACTIVE,POSSIBLE,False,True,False,False,
S020001653,동백초,S020001622,동백중,ELIGIBLE,ACTIVE,ELIGIBLE,ACTIVE,POSSIBLE,False,True,False,False,
S020001653,동백초,S020001893,해강중,ELIGIBLE,ACTIVE,ELIGIBLE,ACTIVE,POSSIBLE,False,True,False,False,
S020001653,동백초,S020001644,해운대중,ELIGIBLE,ACTIVE,ELIGIBLE,ACTIVE,POSSIBLE,False,True,False,False,
S020001653,동백초,S020001643,해운대여중,ELIGIBLE,ACTIVE,ELIGIBLE,ACTIVE,POSSIBLE,False,True,False,False,
S020001647,광안초,S020001642,한바다중,ELIGIBLE,ACTIVE,ELIGIBLE,ACTIVE,POSSIBLE,False,True,False,False,
S020001647,광안초,S020001624,동아중,ELIGIBLE,ACTIVE,ELIGIBLE,ACTIVE,POSSIBLE,False,True,False,False,
S020001647,광안초,S020001631,부산수영중학교,ELIGIBLE,ACTIVE,ELIGIBLE,ACTIVE,POSSIBLE,False,True,False,False,
S020001691,해동초,S020001644,해운대중,ELIGIBLE,ACTIVE,ELIGIBLE,ACTIVE,POSSIBLE,False,True,False,False,
S020001691,해동초,S020001643,해운대여중,ELIGIBLE,ACTIVE,ELIGIBLE,ACTIVE,POSSIBLE,False,True,False,False,
S020001691,해동초,S020001622,동백중,ELIGIBLE,ACTIVE,ELIGIBLE,ACTIVE,POSSIBLE,False,True,False,False,
S020001657,반산초,S020001628,반송중,ELIGIBLE,ACTIVE,ELIGIBLE,ACTIVE,POSSIBLE,False,True,False,False,
S020001657,반산초,S020001638,운송중,ELIGIBLE,ACTIVE,ELIGIBLE,ACTIVE,POSSIBLE,False,True,False,False,
S020001662,배산초,S020001626,망미중,ELIGIBLE,ACTIVE,ELIGIBLE,ACTIVE,POSSIBLE,False,True,False,False,
S020001662,배산초,S020001631,부산수영중,ELIGIBLE,ACTIVE,ELIGIBLE,ACTIVE,POSSIBLE,False,True,False,False,
S020001662,배산초,S020001623,동수영중,ELIGIBLE,ACTIVE,ELIGIBLE,ACTIVE,POSSIBLE,False,True,False,False,
S020001674,운봉초,S020001638,운송중,ELIGIBLE,ACTIVE,ELIGIBLE,ACTIVE,POSSIBLE,False,True,False,False,
S020001674,운봉초,S020001628,반송중,ELIGIBLE,ACTIVE,ELIGIBLE,ACTIVE,POSSIBLE,False,True,False,False,
S020001672,신진초,S020001641,재송중,ELIGIBLE,ACTIVE,ELIGIBLE,ACTIVE,POSSIBLE,False,True,False,False,
S020001672,신진초,S020001640,재송여중,ELIGIBLE,ACTIVE,ELIGIBLE,ACTIVE,POSSIBLE,False,True,False,False,
S020001672,신진초,S020001629,반안중,ELIGIBLE,ACTIVE,ELIGIBLE,ACTIVE,POSSIBLE,False,True,False,False,
S020000819,명장초,S020000774,동신중,ELIGIBLE,ACTIVE,ELIGIBLE,ACTIVE,POSSIBLE,False,True,False,False,
S020001029,연천초,S020000978,연산중,ELIGIBLE,ACTIVE,ELIGIBLE,ACTIVE,POSSIBLE,False,True,False,False,
S020001021,연동초,S020000979,연일중,ELIGIBLE,ACTIVE,ELIGIBLE,ACTIVE,POSSIBLE,False,True,False,False,
S020001021,연동초,S020000987,토현중,ELIGIBLE,ACTIVE,ELIGIBLE,ACTIVE,POSSIBLE,False,True,False,False,
S020000833,장전초,S020000772,동래여중,ELIGIBLE,ACTIVE,ELIGIBLE,ACTIVE,POSSIBLE,False,True,False,False,
S020002149,금빛초,S020000795,장전중,ELIGIBLE,ACTIVE,ELIGIBLE,ACTIVE,POSSIBLE,False,True,False,False,
S020002149,금빛초,S020000777,부곡여중,ELIGIBLE,ACTIVE,ELIGIBLE,ACTIVE,POSSIBLE,False,True,False,False,
S020002149,금빛초,S020000769,금정중,ELIGIBLE,ACTIVE,ELIGIBLE,ACTIVE,POSSIBLE,False,True,False,False,
S020000801,교동초,S020000773,동래중,ELIGIBLE,ACTIVE,ELIGIBLE,ACTIVE,POSSIBLE,False,True,False,False,
S020000801,교동초,S020000777,부곡여중,ELIGIBLE,ACTIVE,ELIGIBLE,ACTIVE,POSSIBLE,False,True,False,False,
S020000801,교동초,S020000775,동해중,ELIGIBLE,ACTIVE,ELIGIBLE,ACTIVE,POSSIBLE,False,True,False,False,
S020001903,안진초,S020000786,안락중,ELIGIBLE,ACTIVE,ELIGIBLE,ACTIVE,POSSIBLE,False,True,False,False,
S020001903,안진초,S020000774,동신중,ELIGIBLE,ACTIVE,ELIGIBLE,ACTIVE,POSSIBLE,False,True,False,False,
S020001903,안진초,S020000798,학산여중,ELIGIBLE,ACTIVE,ELIGIBLE,ACTIVE,POSSIBLE,False,True,False,False,
S020001903,안진초,S020000797,충렬중,ELIGIBLE,ACTIVE,ELIGIBLE,ACTIVE,POSSIBLE,False,True,False,False,
S020001902,두실초,S020000765,구서여중,ELIGIBLE,ACTIVE,ELIGIBLE,ACTIVE,POSSIBLE,False,True,False,False,
S020001902,두실초,S020000770,남산중,ELIGIBLE,ACTIVE,ELIGIBLE,ACTIVE,POSSIBLE,False,True,False,False,
S020001902,두실초,S020000769,금정중,ELIGIBLE,ACTIVE,ELIGIBLE,ACTIVE,POSSIBLE,False,True,False,False,
S020000830,여고초,S020000789,여명중,ELIGIBLE,ACTIVE,ELIGIBLE,ACTIVE,POSSIBLE,False,True,False,True,1.0
S020000830,여고초,S020000983,이사벨중,ELIGIBLE,EXCLUDED_NOT_APPLICABLE,ELIGIBLE,ACTIVE,EXCLUDED,False,False,False,True,0.0
S020000830,여고초,S020000793,온천중,ELIGIBLE,EXCLUDED_NOT_APPLICABLE,ELIGIBLE,ACTIVE,EXCLUDED,False,False,False,True,0.0
S020001036,토현초,S020000987,토현중,ELIGIBLE,ACTIVE,ELIGIBLE,ACTIVE,POSSIBLE,False,True,False,False,
S020001036,토현초,S020000981,연천중,ELIGIBLE,ACTIVE,ELIGIBLE,ACTIVE,POSSIBLE,False,True,False,False,
S020001036,토현초,S020001626,망미중,ELIGIBLE,ACTIVE,ELIGIBLE,ACTIVE,POSSIBLE,False,True,False,False,
S020000827,안남초,S020000786,안락중,ELIGIBLE,ACTIVE,ELIGIBLE,ACTIVE,POSSIBLE,False,True,False,False,
S020000827,안남초,S020000774,동신중,ELIGIBLE,ACTIVE,ELIGIBLE,ACTIVE,POSSIBLE,False,True,False,False,
S020000827,안남초,S020000798,학산여중,ELIGIBLE,ACTIVE,ELIGIBLE,ACTIVE,POSSIBLE,False,True,False,False,
S020000827,안남초,S020000797,충렬중,ELIGIBLE,ACTIVE,ELIGIBLE,ACTIVE,POSSIBLE,False,True,False,False,
S020001027,연제초,S020000980,연제중,ELIGIBLE,ACTIVE,ELIGIBLE,ACTIVE,POSSIBLE,False,True,False,False,
S020001027,연제초,S020000979,연일중,ELIGIBLE,ACTIVE,ELIGIBLE,ACTIVE,POSSIBLE,False,True,False,False,
S020001027,연제초,S020000978,연산중,ELIGIBLE,ACTIVE,ELIGIBLE,ACTIVE,POSSIBLE,False,True,False,False,
S020000809,남산초,S020000770,남산중,ELIGIBLE,ACTIVE,ELIGIBLE,ACTIVE,POSSIBLE,False,True,False,False,
S020000809,남산초,S020000765,구서여중,ELIGIBLE,ACTIVE,ELIGIBLE,ACTIVE,POSSIBLE,False,True,False,False,
S020000834,청룡초,S020000769,금정중,ELIGIBLE,ACTIVE,ELIGIBLE,ACTIVE,POSSIBLE,False,True,False,False,
S020000834,청룡초,S020000770,남산중,ELIGIBLE,ACTIVE,ELIGIBLE,ACTIVE,POSSIBLE,False,True,False,False,
S020000812,달북초,S020000784,사직중,ELIGIBLE,ACTIVE,ELIGIBLE,ACTIVE,POSSIBLE,False,True,False,False,
S020000812,달북초,S020000783,사직여중,ELIGIBLE,ACTIVE,ELIGIBLE,ACTIVE,POSSIBLE,False,True,False,False,
S020000812,달북초,S020000793,온천중,ELIGIBLE,ACTIVE,ELIGIBLE,ACTIVE,POSSIBLE,False,True,False,False,
S020001000,거학초,S020000789,여명중,ELIGIBLE,ACTIVE,ELIGIBLE,ACTIVE,POSSIBLE,False,True,False,False,
S020001000,거학초,S020000959,거제여중,ELIGIBLE,ACTIVE,ELIGIBLE,ACTIVE,POSSIBLE,False,True,False,False,
S020001000,거학초,S020000983,이사벨중,ELIGIBLE,ACTIVE,ELIGIBLE,ACTIVE,POSSIBLE,False,True,False,False,
S020000999,거제초,S020000959,거제여중,ELIGIBLE,ACTIVE,ELIGIBLE,ACTIVE,POSSIBLE,False,True,False,False,
S020000999,거제초,S020000983,이사벨중,ELIGIBLE,ACTIVE,ELIGIBLE,ACTIVE,POSSIBLE,False,True,False,False,
S020000999,거제초,S020000789,여명중,ELIGIBLE,ACTIVE,ELIGIBLE,ACTIVE,POSSIBLE,False,True,False,False,
S020000811,내성초,S020000773,동래중,ELIGIBLE,ACTIVE,ELIGIBLE,ACTIVE,POSSIBLE,False,True,False,False,
S020000811,내성초,S020000794,유락여중,ELIGIBLE,ACTIVE,ELIGIBLE,ACTIVE,POSSIBLE,False,True,False,False,
S020000811,내성초,S020000775,동해중,ELIGIBLE,ACTIVE,ELIGIBLE,ACTIVE,POSSIBLE,False,True,False,False,
S020001025,연신초,S020000978,연산중,ELIGIBLE,ACTIVE,ELIGIBLE,ACTIVE,POSSIBLE,False,True,False,False,
S020001025,연신초,S020000979,연일중,ELIGIBLE,ACTIVE,ELIGIBLE,ACTIVE,POSSIBLE,False,True,False,False,
S020001025,연신초,S020000980,연제중,ELIGIBLE,ACTIVE,ELIGIBLE,ACTIVE,POSSIBLE,False,True,False,False,
S020000835,현곡초,S020000777,부곡여중,ELIGIBLE,ACTIVE,ELIGIBLE,ACTIVE,POSSIBLE,False,True,False,False,
S020000835,현곡초,S020000778,부곡중,ELIGIBLE,ACTIVE,ELIGIBLE,ACTIVE,POSSIBLE,False,True,False,False,
S020000835,현곡초,S020000769,금정중,ELIGIBLE,ACTIVE,ELIGIBLE,ACTIVE,POSSIBLE,False,True,False,False,
S020001917,예원초,S020000784,사직중,ELIGIBLE,ACTIVE,ELIGIBLE,ACTIVE,POSSIBLE,False,True,False,False,
S020001917,예원초,S020000783,사직여중,ELIGIBLE,ACTIVE,ELIGIBLE,ACTIVE,POSSIBLE,False,True,False,False,
S020001917,예원초,S020000793,온천중,ELIGIBLE,ACTIVE,ELIGIBLE,ACTIVE,POSSIBLE,False,True,False,False,
S020001814,충렬초,S020000797,충렬중,ELIGIBLE,ACTIVE,ELIGIBLE,ACTIVE,POSSIBLE,False,True,False,False,
S020001814,충렬초,S020000798,학산여중,ELIGIBLE,ACTIVE,ELIGIBLE,ACTIVE,POSSIBLE,False,True,False,False,
S020001814,충렬초,S020000786,안락중,ELIGIBLE,ACTIVE,ELIGIBLE,ACTIVE,POSSIBLE,False,True,False,False,
S020000810,내산초,S020000794,유락여중,ELIGIBLE,ACTIVE,ELIGIBLE,ACTIVE,POSSIBLE,False,True,False,False,
S020000810,내산초,S020000773,동래중,ELIGIBLE,ACTIVE,ELIGIBLE,ACTIVE,POSSIBLE,False,True,False,False,
S020000810,내산초,S020000793,온천중,ELIGIBLE,ACTIVE,ELIGIBLE,ACTIVE,POSSIBLE,False,True,False,False,
S020000816,명동초,S020000774,동신중,ELIGIBLE,ACTIVE,ELIGIBLE,ACTIVE,POSSIBLE,False,True,False,False,
S020000816,명동초,S020000798,학산여중,ELIGIBLE,ACTIVE,ELIGIBLE,ACTIVE,POSSIBLE,False,True,False,False,
S020000816,명동초,S020000797,충렬중,ELIGIBLE,ACTIVE,ELIGIBLE,ACTIVE,POSSIBLE,False,True,False,False,
S020002066,온샘초,S020000793,온천중,ELIGIBLE,ACTIVE,ELIGIBLE,ACTIVE,POSSIBLE,False,True,False,False,
S020002066,온샘초,S020000794,유락여중,ELIGIBLE,ACTIVE,ELIGIBLE,ACTIVE,POSSIBLE,False,True,False,False,
S020002066,온샘초,S020000773,동래중,ELIGIBLE,ACTIVE,ELIGIBLE,ACTIVE,POSSIBLE,False,True,False,False,
S020000824,서동초,S020000776,동현중,ELIGIBLE,ACTIVE,ELIGIBLE,ACTIVE,POSSIBLE,False,True,False,False,
S020000824,서동초,S020000777,부곡여중,ELIGIBLE,ACTIVE,ELIGIBLE,ACTIVE,POSSIBLE,False,True,False,False,
S020000824,서동초,S020000767,금사중,ELIGIBLE,ACTIVE,ELIGIBLE,ACTIVE,POSSIBLE,False,True,False,False,
S020001002,남문초,S020000789,여명중,ELIGIBLE,ACTIVE,ELIGIBLE,ACTIVE,POSSIBLE,False,True,False,True,0.5
S020001002,남문초,S020000959,거제여중,ELIGIBLE,ACTIVE,ELIGIBLE,ACTIVE,POSSIBLE,False,True,False,True,0.3
S020001002,남문초,S020000983,이사벨중학교,ELIGIBLE,ACTIVE,ELIGIBLE,ACTIVE,POSSIBLE,False,True,False,True,0.2
S020001002,남문초,S020000958,거성중,ELIGIBLE,EXCLUDED_NOT_APPLICABLE,ELIGIBLE,ACTIVE,EXCLUDED,False,False,False,True,0.0
S020001694,해운대초,S020001644,해운대중,ELIGIBLE,ACTIVE,ELIGIBLE,ACTIVE,POSSIBLE,False,True,False,False,
S020001694,해운대초,S020001643,해운대여중,ELIGIBLE,ACTIVE,ELIGIBLE,ACTIVE,POSSIBLE,False,True,False,False,
S020001694,해운대초,S020001636,신도중,ELIGIBLE,ACTIVE,ELIGIBLE,ACTIVE,POSSIBLE,False,True,False,False,
S020001692,해림초,S020001893,해강중,ELIGIBLE,ACTIVE,ELIGIBLE,ACTIVE,POSSIBLE,False,True,False,False,
S020001692,해림초,S020001644,해운대중,ELIGIBLE,ACTIVE,ELIGIBLE,ACTIVE,POSSIBLE,False,True,False,False,
S020001692,해림초,S020001643,해운대여중,ELIGIBLE,ACTIVE,ELIGIBLE,ACTIVE,POSSIBLE,False,True,False,False,
S020002277,일광초,S020002311,일광중,ELIGIBLE,ACTIVE,ELIGIBLE,ACTIVE,POSSIBLE,False,True,False,False,
S020002277,일광초,S020001621,기장중,ELIGIBLE,ACTIVE,ELIGIBLE,ACTIVE,POSSIBLE,False,True,False,False,
S020002277,일광초,S020001839,대청중,ELIGIBLE,ACTIVE,ELIGIBLE,ACTIVE,POSSIBLE,False,True,False,False,
S020002182,모전초,S020002072,정관중,ELIGIBLE,ACTIVE,ELIGIBLE,ACTIVE,POSSIBLE,False,True,False,False,
S020002182,모전초,S020002009,신정중,ELIGIBLE,ACTIVE,ELIGIBLE,ACTIVE,POSSIBLE,False,True,False,False,
S020002182,모전초,S020000972,부산중앙중,ELIGIBLE,ACTIVE,ELIGIBLE,ACTIVE,POSSIBLE,False,True,False,False,
S020001023,연산초,S020000978,연산중,ELIGIBLE,ACTIVE,ELIGIBLE,ACTIVE,POSSIBLE,False,True,False,False,
S020001023,연산초,S020000980,연제중,ELIGIBLE,ACTIVE,ELIGIBLE,ACTIVE,POSSIBLE,False,True,False,False,
S020001645,강동초,S020001893,해강중,ELIGIBLE,ACTIVE,ELIGIBLE,ACTIVE,POSSIBLE,False,True,False,False,
S020001645,강동초,S020001644,해운대중,ELIGIBLE,ACTIVE,ELIGIBLE,ACTIVE,POSSIBLE,False,True,False,False,
S020001645,강동초,S020001643,해운대여중,ELIGIBLE,ACTIVE,ELIGIBLE,ACTIVE,POSSIBLE,False,True,False,False,
S020000822,사직초,S020000784,사직중,ELIGIBLE,ACTIVE,ELIGIBLE,ACTIVE,POSSIBLE,False,True,False,False,
S020000822,사직초,S020000783,사직여중,ELIGIBLE,ACTIVE,ELIGIBLE,ACTIVE,POSSIBLE,False,True,False,False,
S020001663,부흥초,S020001632,부흥중,ELIGIBLE,ACTIVE,ELIGIBLE,ACTIVE,POSSIBLE,False,True,False,False,
S020001663,부흥초,S020001633,상당중,ELIGIBLE,ACTIVE,ELIGIBLE,ACTIVE,POSSIBLE,False,True,False,False,
S020001685,좌산초,S020001635,신곡중,ELIGIBLE,ACTIVE,ELIGIBLE,ACTIVE,POSSIBLE,False,True,False,False,
S020001690,해강초,S020001893,해강중,ELIGIBLE,ACTIVE,ELIGIBLE,ACTIVE,POSSIBLE,False,True,False,False,
S020001690,해강초,S020001644,해운대중,ELIGIBLE,ACTIVE,ELIGIBLE,ACTIVE,POSSIBLE,False,True,False,False,
S020001693,해송초,S020001622,동백중,ELIGIBLE,ACTIVE,ELIGIBLE,ACTIVE,POSSIBLE,False,True,False,False,
S020001693,해송초,S020001635,신곡중,ELIGIBLE,ACTIVE,ELIGIBLE,ACTIVE,POSSIBLE,False,True,False,False,
S020001673,양운초,S020001637,양운중,ELIGIBLE,ACTIVE,ELIGIBLE,ACTIVE,POSSIBLE,False,True,False,False,
S020001673,양운초,S020001636,신도중,ELIGIBLE,ACTIVE,ELIGIBLE,ACTIVE,POSSIBLE,False,True,False,False,
S020000829,안민초,S020000786,안락중,ELIGIBLE,ACTIVE,ELIGIBLE,ACTIVE,POSSIBLE,False,True,False,False,
S020000829,안민초,S020000796,남일중,ELIGIBLE,ACTIVE,ELIGIBLE,ACTIVE,POSSIBLE,False,True,False,False,
S020001665,송운초,S020001628,반송중,ELIGIBLE,ACTIVE,ELIGIBLE,ACTIVE,POSSIBLE,False,True,False,False,
S020001665,송운초,S020001627,반송여자중,ELIGIBLE,ACTIVE,ELIGIBLE,ACTIVE,POSSIBLE,False,True,False,False,
S020002312,해빛초,S020002311,일광중,ELIGIBLE,ACTIVE,ELIGIBLE,ACTIVE,POSSIBLE,False,True,False,False,
S020001892,무정초,S020001919,장산중,ELIGIBLE,ACTIVE,ELIGIBLE,ACTIVE,POSSIBLE,False,True,False,False,
S020001892,무정초,S020001857,인지중,ELIGIBLE,ACTIVE,ELIGIBLE,ACTIVE,POSSIBLE,False,True,False,False,
S020001892,무정초,S020001630,반여중,ELIGIBLE,ACTIVE,ELIGIBLE,ACTIVE,POSSIBLE,False,True,False,False,
S020002010,신정초,S020002009,신정중,ELIGIBLE,ACTIVE,ELIGIBLE,ACTIVE,POSSIBLE,False,True,False,False,
S020002010,신정초,S020002072,정관중,ELIGIBLE,ACTIVE,ELIGIBLE,ACTIVE,POSSIBLE,False,True,False,False,
S020002010,신정초,S020000972,부산중앙중,ELIGIBLE,ACTIVE,ELIGIBLE,ACTIVE,POSSIBLE,False,True,False,False,
S020000803,금강초,S020000793,온천중,ELIGIBLE,ACTIVE,ELIGIBLE,ACTIVE,POSSIBLE,False,True,False,False,
S020000803,금강초,S020000789,여명중,ELIGIBLE,ACTIVE,ELIGIBLE,ACTIVE,POSSIBLE,False,True,False,False,
S020000803,금강초,S020000784,사직중,ELIGIBLE,ACTIVE,ELIGIBLE,ACTIVE,POSSIBLE,False,True,False,False,
S020000803,금강초,S020000783,사직여중,ELIGIBLE,ACTIVE,ELIGIBLE,ACTIVE,POSSIBLE,False,True,False,False,
S020000831,온천초,S020000773,동래중,ELIGIBLE,ACTIVE,ELIGIBLE,ACTIVE,POSSIBLE,False,True,False,False,
S020000831,온천초,S020000794,유락여중,ELIGIBLE,ACTIVE,ELIGIBLE,ACTIVE,POSSIBLE,False,True,False,False,
S020000831,온천초,S020000793,온천중,ELIGIBLE,ACTIVE,ELIGIBLE,ACTIVE,POSSIBLE,False,True,False,False,
S020001649,기장초,S020001621,기장중,ELIGIBLE,ACTIVE,ELIGIBLE,ACTIVE,POSSIBLE,False,True,False,False,
S020001649,기장초,S020001839,대청중,ELIGIBLE,ACTIVE,ELIGIBLE,ACTIVE,POSSIBLE,False,True,False,False,
S020001650,남천초,S020001631,부산수영중,ELIGIBLE,ACTIVE,ELIGIBLE,ACTIVE,POSSIBLE,False,True,False,False,
S020001650,남천초,S020001642,한바다중,ELIGIBLE,ACTIVE,ELIGIBLE,ACTIVE,POSSIBLE,False,True,False,False,
S020001652,대청초,S020001839,대청중,ELIGIBLE,ACTIVE,ELIGIBLE,ACTIVE,POSSIBLE,False,True,False,False,
S020001652,대청초,S020001621,기장중,ELIGIBLE,ACTIVE,ELIGIBLE,ACTIVE,POSSIBLE,False,True,False,False,
S020002071,정원초,S020002072,정관중,ELIGIBLE,ACTIVE,ELIGIBLE,ACTIVE,POSSIBLE,False,True,False,False,
S020002071,정원초,S020002009,신정중,ELIGIBLE,ACTIVE,ELIGIBLE,ACTIVE,POSSIBLE,False,True,False,False,
S020002071,정원초,S020000972,부산중앙중,ELIGIBLE,ACTIVE,ELIGIBLE,ACTIVE,POSSIBLE,False,True,False,False,
S020001655,민락초,S020001642,한바다중,ELIGIBLE,ACTIVE,ELIGIBLE,ACTIVE,POSSIBLE,False,True,False,False,
S020001655,민락초,S020001631,부산수영중,ELIGIBLE,ACTIVE,ELIGIBLE,ACTIVE,POSSIBLE,False,True,False,False,
S020001655,민락초,S020001624,동아중,ELIGIBLE,ACTIVE,ELIGIBLE,ACTIVE,POSSIBLE,False,True,False,False,
S020001655,민락초,S020001620,광안중,ELIGIBLE,ACTIVE,ELIGIBLE,ACTIVE,POSSIBLE,False,True,False,False,
S020001024,연서초,S020000978,연산중,ELIGIBLE,ACTIVE,ELIGIBLE,ACTIVE,POSSIBLE,False,True,False,False,
S020001024,연서초,S020000979,연일중,ELIGIBLE,ACTIVE,ELIGIBLE,ACTIVE,POSSIBLE,False,True,False,False,
S020001024,연서초,S020000980,연제중,ELIGIBLE,ACTIVE,ELIGIBLE,ACTIVE,POSSIBLE,False,True,False,False,
S020000817,명륜초,S020000773,동래중,ELIGIBLE,ACTIVE,ELIGIBLE,ACTIVE,POSSIBLE,False,True,False,False,
S020000817,명륜초,S020000794,유락여중,ELIGIBLE,ACTIVE,ELIGIBLE,ACTIVE,POSSIBLE,False,True,False,False,
S020000817,명륜초,S020000775,동해중,ELIGIBLE,ACTIVE,ELIGIBLE,ACTIVE,POSSIBLE,False,True,False,False,
S020000817,명륜초,S020000771,부산내성중학교,ELIGIBLE,ACTIVE,ELIGIBLE,ACTIVE,POSSIBLE,False,True,False,False,
S020002053,방곡초,S020000972,부산중앙중,ELIGIBLE,ACTIVE,ELIGIBLE,ACTIVE,POSSIBLE,False,True,False,False,
S020002053,방곡초,S020002072,정관중,ELIGIBLE,ACTIVE,ELIGIBLE,ACTIVE,POSSIBLE,False,True,False,False,
S020002053,방곡초,S020002069,모전중,ELIGIBLE,ACTIVE,ELIGIBLE,ACTIVE,POSSIBLE,False,True,False,False,
S020002053,방곡초,S020001639,장안중,ELIGIBLE,ACTIVE,ELIGIBLE,ACTIVE,POSSIBLE,False,True,False,False,
S020001656,민안초,S020001620,광안중,ELIGIBLE,ACTIVE,ELIGIBLE,ACTIVE,POSSIBLE,False,True,False,False,
S020001656,민안초,S020001642,한바다중,ELIGIBLE,ACTIVE,ELIGIBLE,ACTIVE,POSSIBLE,False,True,False,False,
S020001656,민안초,S020001631,부산수영중,ELIGIBLE,ACTIVE,ELIGIBLE,ACTIVE,POSSIBLE,False,True,False,False,
S020001656,민안초,S020001624,동아중,ELIGIBLE,ACTIVE,ELIGIBLE,ACTIVE,POSSIBLE,False,True,False,False,
S020000821,부곡초,S020000778,부곡중,ELIGIBLE,ACTIVE,ELIGIBLE,ACTIVE,POSSIBLE,False,True,False,False,
S020000821,부곡초,S020000777,부곡여자중,ELIGIBLE,ACTIVE,ELIGIBLE,ACTIVE,POSSIBLE,False,True,False,False,
S020001646,광남초,S020001631,부산수영중,ELIGIBLE,ACTIVE,ELIGIBLE,ACTIVE,POSSIBLE,False,True,False,False,
S020001646,광남초,S020001620,광안중,ELIGIBLE,ACTIVE,ELIGIBLE,ACTIVE,POSSIBLE,False,True,False,False,
S020001680,장산초,S020001919,장산중,ELIGIBLE,ACTIVE,ELIGIBLE,ACTIVE,POSSIBLE,False,True,False,False,
S020001680,장산초,S020001857,인지중,ELIGIBLE,ACTIVE,ELIGIBLE,ACTIVE,POSSIBLE,False,True,False,False,
S020001669,신곡초,S020001635,신곡중,ELIGIBLE,ACTIVE,ELIGIBLE,ACTIVE,POSSIBLE,False,True,False,False,
S020001669,신곡초,S020001622,동백중,ELIGIBLE,ACTIVE,ELIGIBLE,ACTIVE,POSSIBLE,False,True,False,False,
S020001669,신곡초,S020001632,부흥중,ELIGIBLE,ACTIVE,ELIGIBLE,ACTIVE,POSSIBLE,False,True,False,False,
S020001906,송수초,S020001910,센텀중,ELIGIBLE,ACTIVE,ELIGIBLE,ACTIVE,POSSIBLE,False,True,False,False,
S020001906,송수초,S020001641,재송중,ELIGIBLE,ACTIVE,ELIGIBLE,ACTIVE,POSSIBLE,False,True,False,False,
S020001906,송수초,S020001640,재송여자중,ELIGIBLE,ACTIVE,ELIGIBLE,ACTIVE,POSSIBLE,False,True,False,False,
S020002198,가동초,S020000972,부산중앙중,ELIGIBLE,ACTIVE,ELIGIBLE,ACTIVE,POSSIBLE,False,True,False,False,
S020002198,가동초,S020002072,정관중,ELIGIBLE,ACTIVE,ELIGIBLE,ACTIVE,POSSIBLE,False,True,False,False,
S020002198,가동초,S020002009,신정중,ELIGIBLE,ACTIVE,ELIGIBLE,ACTIVE,POSSIBLE,False,True,False,False,
S020002016,달산초,S020002069,모전중,ELIGIBLE,ACTIVE,ELIGIBLE,ACTIVE,POSSIBLE,False,True,False,False,
S020002016,달산초,S020002009,신정중,ELIGIBLE,ACTIVE,ELIGIBLE,ACTIVE,POSSIBLE,False,True,False,False,
S020001684,좌동초,S020001635,신곡중,ELIGIBLE,ACTIVE,ELIGIBLE,ACTIVE,POSSIBLE,False,True,False,False,
S020001684,좌동초,S020001622,동백중,ELIGIBLE,ACTIVE,ELIGIBLE,ACTIVE,POSSIBLE,False,True,False,False,
S020001684,좌동초,S020001632,부흥중,ELIGIBLE,ACTIVE,ELIGIBLE,ACTIVE,POSSIBLE,False,True,False,False,
