ranking_type,rank,middle_school_id,middle_school_name,district,education_office,middle_school_score,confirmed_E_median,broad_E_median,confirmed_school_count,possible_elementary_count,total_elementary_count,assignment_uncertainty_grade,connected_elementary_schools
QUALITY_TOP30,1,S020000969,부산국제중학교,부산진구,부산광역시남부교육지원청,99.61764705882354,,,0,0,0,HIGH_NO_CONFIRMED,
QUALITY_TOP30,2,S020000780,브니엘예술중학교,금정구,부산광역시동래교육지원청,99.3529411764706,,,0,0,0,HIGH_NO_CONFIRMED,
QUALITY_TOP30,3,S020001910,센텀중학교,해운대구,부산광역시해운대교육지원청,98.91176470588236,89.52671081677705,40.814403973509926,1,2,3,HIGH,센텀초; 송수초; 재송초
QUALITY_TOP30,4,S020001893,해강중학교,해운대구,부산광역시해운대교육지원청,97.70588235294117,,72.85044150110376,0,5,5,HIGH_NO_CONFIRMED,강동초; 동백초; 해강초; 해림초; 해원초
QUALITY_TOP30,5,S020000789,여명중학교,동래구,부산광역시동래교육지원청,94.26470588235294,,80.30325607064017,0,6,6,HIGH_NO_CONFIRMED,거제초; 거학초; 금강초; 남문초; 여고초; 창신초
QUALITY_TOP30,6,S020000616,분포중학교,남구,부산광역시남부교육지원청,93.44117647058823,,51.60780905077263,0,6,6,HIGH_NO_CONFIRMED,백운초; 분포초; 용문초; 용산초; 용호초; 운산초
QUALITY_TOP30,7,S020001644,해운대중학교,해운대구,부산광역시해운대교육지원청,92.52941176470588,,72.85044150110376,0,7,7,HIGH_NO_CONFIRMED,강동초; 동백초; 해강초; 해동초; 해림초; 해운대초; 해원초
QUALITY_TOP30,8,S020001643,해운대여자중학교,해운대구,부산광역시해운대교육지원청,89.82352941176471,,71.32193708609272,0,6,6,HIGH_NO_CONFIRMED,강동초; 동백초; 해동초; 해림초; 해운대초; 해원초
QUALITY_TOP30,9,S020001635,신곡중학교,해운대구,부산광역시해운대교육지원청,89.32352941176471,,62.41092715231788,0,5,5,HIGH_NO_CONFIRMED,상당초; 신곡초; 좌동초; 좌산초; 해송초
QUALITY_TOP30,10,S020000795,장전중학교,금정구,부산광역시동래교육지원청,88.5,,64.55405629139074,0,4,4,HIGH_NO_CONFIRMED,금빛초; 금정초; 장서초; 장전초
QUALITY_TOP30,11,S020000623,용호중학교,남구,부산광역시남부교육지원청,87.70588235294119,,51.60780905077263,0,6,6,HIGH_NO_CONFIRMED,백운초; 분포초; 용문초; 용산초; 용호초; 운산초
QUALITY_TOP30,12,S020000604,남천중학교,남구,부산광역시남부교육지원청,87.20588235294116,,59.75827814569536,0,5,5,HIGH_NO_CONFIRMED,광남초; 남천초; 대남초; 대천초; 용소초
QUALITY_TOP30,13,S020000849,금양중학교,금정구,부산광역시동래교육지원청,86.8529411764706,,,0,0,0,HIGH_NO_CONFIRMED,
QUALITY_TOP30,14,S020000765,구서여자중학교,금정구,부산광역시동래교육지원청,84.70588235294117,,67.75115894039735,0,4,4,HIGH_NO_CONFIRMED,구서초; 남산초; 두실초; 장서초
QUALITY_TOP30,15,S020001632,부흥중학교,해운대구,부산광역시해운대교육지원청,83.41176470588236,,75.86605960264902,0,5,5,HIGH_NO_CONFIRMED,부흥초; 상당초; 신곡초; 신도초; 좌동초
QUALITY_TOP30,16,S020001416,부산남중학교,영도구,부산광역시서부교육지원청,83.17647058823529,,51.67326158940398,0,5,5,HIGH_NO_CONFIRMED,남항초; 대평초; 봉래초; 신선초; 영도초
QUALITY_TOP30,17,S020000621,용문중학교,남구,부산광역시남부교육지원청,82.38235294117648,,,0,0,0,HIGH_NO_CONFIRMED,
QUALITY_TOP30,18,S020000769,금정중학교,금정구,부산광역시동래교육지원청,82.26470588235294,,60.480518763796915,0,5,5,HIGH_NO_CONFIRMED,금빛초; 두실초; 장전초; 청룡초; 현곡초
QUALITY_TOP30,19,S020001637,양운중학교,해운대구,부산광역시해운대교육지원청,82.14705882352942,,67.07527593818985,0,3,3,HIGH_NO_CONFIRMED,상당초; 신도초; 양운초
QUALITY_TOP30,20,S020000783,사직여자중학교,동래구,부산광역시동래교육지원청,80.5,,79.14674392935983,0,4,4,HIGH_NO_CONFIRMED,금강초; 달북초; 사직초; 예원초
QUALITY_TOP30,21,S020000784,사직중학교,동래구,부산광역시동래교육지원청,79.88235294117646,,79.14674392935983,0,4,4,HIGH_NO_CONFIRMED,금강초; 달북초; 사직초; 예원초
QUALITY_TOP30,22,S020000983,이사벨중학교,연제구,부산광역시동래교육지원청,79.73529411764706,,79.81103752759383,0,5,5,HIGH_NO_CONFIRMED,거제초; 거학초; 남문초; 연동초; 창신초
QUALITY_TOP30,23,S020000773,동래중학교,동래구,부산광역시동래교육지원청,78.3529411764706,,68.33162251655628,0,7,7,HIGH_NO_CONFIRMED,교동초; 낙민초; 내산초; 내성초; 명륜초; 온샘초; 온천초
QUALITY_TOP30,24,S020001633,상당중학교,해운대구,부산광역시해운대교육지원청,78.26470588235294,,78.09409492273733,0,3,3,HIGH_NO_CONFIRMED,부흥초; 상당초; 신도초
QUALITY_TOP30,25,S020001636,신도중학교,해운대구,부산광역시해운대교육지원청,77.88235294117646,,72.5846854304636,0,4,4,HIGH_NO_CONFIRMED,상당초; 신도초; 양운초; 해운대초
QUALITY_TOP30,26,S020001439,초장중학교,서구,부산광역시서부교육지원청,77.23529411764707,,62.26407284768212,0,5,5,HIGH_NO_CONFIRMED,구학초; 대신초; 부민초; 아미초; 토성초
QUALITY_TOP30,27,S020002004,명호중학교,강서구,부산광역시북부교육지원청,77.02941176470588,,58.468598233995586,0,3,3,HIGH_NO_CONFIRMED,남명초; 명호초; 오션초
QUALITY_TOP30,28,S020001233,화명중학교,북구,부산광역시북부교육지원청,76.91176470588236,,61.55711920529801,0,5,5,HIGH_NO_CONFIRMED,명덕초; 와석초; 용수초; 학사초; 화정초
QUALITY_TOP30,29,S020000775,동해중학교,동래구,부산광역시동래교육지원청,76.79411764705883,,75.1171633554084,0,3,3,HIGH_NO_CONFIRMED,교동초; 내성초; 명륜초
QUALITY_TOP30,30,S020001426,삼성중학교,사하구,부산광역시서부교육지원청,76.79411764705881,,48.05253863134658,0,6,6,HIGH_NO_CONFIRMED,감천초; 괴정초; 사하초; 서천초; 송도초; 옥천초
CONFIRMED_DEMAND_TOP30,1,S020001910,센텀중학교,해운대구,부산광역시해운대교육지원청,98.91176470588236,89.52671081677705,40.814403973509926,1,2,3,HIGH,센텀초; 송수초; 재송초
CONFIRMED_DEMAND_TOP30,2,S020001231,주례중학교,사상구,부산광역시북부교육지원청,32.647058823529406,58.812086092715234,49.870750551876384,2,4,6,HIGH,감전초; 서감초; 주례초; 주양초; 주학초; 창진초
CONFIRMED_DEMAND_TOP30,3,S020000975,신라중학교,사상구,부산광역시북부교육지원청,23.47058823529412,58.515728476821195,51.459078366445915,1,3,4,HIGH,덕상초; 덕포초; 사상초; 창진초
CONFIRMED_DEMAND_TOP30,4,S020001229,주감중학교,사상구,부산광역시북부교육지원청,21.176470588235293,58.16153421633554,58.16153421633554,1,0,1,MEDIUM,주감초
CONFIRMED_DEMAND_TOP30,5,S020002219,명지중학교,강서구,부산광역시북부교육지원청,48.6764705882353,53.05883002207506,48.933388520971306,3,3,6,MEDIUM,명문초; 명원초; 명일초; 명지초; 배영초; 신명초
CONFIRMED_DEMAND_TOP30,6,S020001221,모라중학교,사상구,부산광역시북부교육지원청,18.705882352941178,52.0983995584989,46.140066225165555,2,4,6,HIGH,덕포초; 모덕초; 모라초; 모산초; 사상초; 삼덕초
CONFIRMED_DEMAND_TOP30,7,S020001216,덕천중학교,북구,부산광역시북부교육지원청,15.705882352941176,47.34862030905077,34.56387969094923,2,2,4,HIGH,덕성초; 덕천초; 양덕초; 양천초
CONFIRMED_DEMAND_TOP30,8,S020001214,덕문중학교,강서구,부산광역시북부교육지원청,62.882352941176464,44.821799116997795,44.821799116997795,1,0,1,MEDIUM,천가초
CONFIRMED_DEMAND_TOP30,9,S020001202,가락중학교,강서구,부산광역시북부교육지원청,,43.17880794701986,43.17880794701986,2,0,2,MEDIUM,강서초; 대저중앙초
CONFIRMED_DEMAND_TOP30,10,S020000966,모동중학교,사상구,부산광역시북부교육지원청,37.55882352941177,40.764569536423835,35.459823399558495,1,1,2,HIGH,모덕초; 모동초
CONFIRMED_DEMAND_TOP30,11,S020001222,백양중학교,북구,부산광역시북부교육지원청,48.088235294117645,40.07654525386313,44.618046357615896,1,1,2,MEDIUM,백산초; 백양초
CONFIRMED_DEMAND_TOP30,12,S020001219,만덕중학교,북구,부산광역시북부교육지원청,38.94117647058823,37.4237582781457,40.05496688741722,2,1,3,MEDIUM,만덕초; 백산초; 상학초
CONFIRMED_DEMAND_TOP30,13,S020001208,금곡중학교,북구,부산광역시북부교육지원청,18.411764705882348,34.53509933774835,34.53509933774835,2,0,2,MEDIUM,금곡초; 금창초
CONFIRMED_DEMAND_TOP30,14,S020001213,대천리중학교,북구,부산광역시북부교육지원청,41.705882352941174,33.73923841059603,39.51183774834437,1,1,2,HIGH,대천리초; 화명초
CONFIRMED_DEMAND_TOP30,15,S020001871,신덕중학교,북구,부산광역시북부교육지원청,33.970588235294116,33.321026490066224,33.321026490066224,2,0,2,MEDIUM,덕양초; 신덕초
CONFIRMED_DEMAND_TOP30,16,S020001210,낙동중학교,강서구,부산광역시북부교육지원청,42.67647058823529,29.093211920529797,29.093211920529797,4,0,4,MEDIUM,가락초; 대사초; 대상초; 대저초
CONFIRMED_DEMAND_TOP30,17,S020002064,신호중학교,강서구,부산광역시북부교육지원청,45.647058823529406,28.527455849889623,28.527455849889623,2,0,2,MEDIUM,송정초; 신호초
CONFIRMED_DEMAND_TOP30,18,S020002073,지사중학교,강서구,부산광역시북부교육지원청,42.8235294117647,24.001158940397357,24.001158940397357,1,0,1,MEDIUM,녹산초
CONFIRMED_DEMAND_TOP30,19,S020001212,대저중학교,강서구,부산광역시북부교육지원청,40.088235294117645,17.18233995584989,17.18233995584989,1,0,1,MEDIUM,덕두초
CONFIRMED_DEMAND_TOP30,20,S020001211,녹산중학교,강서구,부산광역시북부교육지원청,62.76470588235294,10.338024282560706,10.338024282560706,1,0,1,MEDIUM,녹명초
CONFIRMED_DEMAND_TOP30,21,S020000599,감만중학교,남구,부산광역시남부교육지원청,47.147058823529406,,46.31117549668874,0,4,4,HIGH_NO_CONFIRMED,동항초; 석포초; 용당초; 우암초
CONFIRMED_DEMAND_TOP30,22,S020000600,경남여자중학교,동구,부산광역시남부교육지원청,19.323529411764707,,39.512499999999996,0,6,6,HIGH_NO_CONFIRMED,광일초; 동일중앙초; 봉래초; 수성초; 수정초; 초량초
CONFIRMED_DEMAND_TOP30,23,S020000601,금성중학교,동구,부산광역시남부교육지원청,,,48.2399834437086,0,2,2,HIGH_NO_CONFIRMED,범일초; 성남초
CONFIRMED_DEMAND_TOP30,24,S020000604,남천중학교,남구,부산광역시남부교육지원청,87.20588235294116,,59.75827814569536,0,5,5,HIGH_NO_CONFIRMED,광남초; 남천초; 대남초; 대천초; 용소초
CONFIRMED_DEMAND_TOP30,25,S020000606,대연중학교,남구,부산광역시남부교육지원청,40.23529411764706,,47.220916114790285,0,9,9,HIGH_NO_CONFIRMED,대남초; 대연초; 대천초; 동천초; 석포초; 신연초; 연포초; 용당초; 우암초
CONFIRMED_DEMAND_TOP30,26,S020000607,대천중학교,남구,부산광역시남부교육지원청,71.52941176470588,,68.13187086092715,0,4,4,HIGH_NO_CONFIRMED,남천초; 대남초; 대천초; 용소초
CONFIRMED_DEMAND_TOP30,27,S020000608,덕원중학교,중구,부산광역시서부교육지원청,47.23529411764706,,42.81683222958057,0,5,5,HIGH_NO_CONFIRMED,광일초; 동신초; 보수초; 봉래초; 화랑초
CONFIRMED_DEMAND_TOP30,28,S020000610,동항중학교,남구,부산광역시남부교육지원청,28.38235294117647,,,0,0,0,HIGH_NO_CONFIRMED,
CONFIRMED_DEMAND_TOP30,29,S020000611,문현여자중학교,남구,부산광역시남부교육지원청,45.14705882352941,,43.80700883002207,0,5,5,HIGH_NO_CONFIRMED,동천초; 문현초; 성동초; 성천초; 신연초
CONFIRMED_DEMAND_TOP30,30,S020000612,배정중학교,남구,부산광역시남부교육지원청,,,47.666087196467984,0,8,8,HIGH_NO_CONFIRMED,동천초; 동항초; 문현초; 성동초; 성천초; 신연초; 연포초; 우암초
BROAD_DEMAND_TOP30,1,S020000789,여명중학교,동래구,부산광역시동래교육지원청,94.26470588235294,,80.30325607064017,0,6,6,HIGH_NO_CONFIRMED,거제초; 거학초; 금강초; 남문초; 여고초; 창신초
BROAD_DEMAND_TOP30,2,S020000959,거제여자중학교,연제구,부산광역시동래교육지원청,51.8235294117647,,80.30325607064017,0,4,4,HIGH_NO_CONFIRMED,거제초; 거학초; 남문초; 창신초
BROAD_DEMAND_TOP30,3,S020000983,이사벨중학교,연제구,부산광역시동래교육지원청,79.73529411764706,,79.81103752759383,0,5,5,HIGH_NO_CONFIRMED,거제초; 거학초; 남문초; 연동초; 창신초
BROAD_DEMAND_TOP30,4,S020000783,사직여자중학교,동래구,부산광역시동래교육지원청,80.5,,79.14674392935983,0,4,4,HIGH_NO_CONFIRMED,금강초; 달북초; 사직초; 예원초
BROAD_DEMAND_TOP30,5,S020000784,사직중학교,동래구,부산광역시동래교육지원청,79.88235294117646,,79.14674392935983,0,4,4,HIGH_NO_CONFIRMED,금강초; 달북초; 사직초; 예원초
BROAD_DEMAND_TOP30,6,S020000771,부산내성중학교,동래구,부산광역시동래교육지원청,56.529411764705884,,78.46087196467991,0,1,1,HIGH_NO_CONFIRMED,명륜초
BROAD_DEMAND_TOP30,7,S020001633,상당중학교,해운대구,부산광역시해운대교육지원청,78.26470588235294,,78.09409492273733,0,3,3,HIGH_NO_CONFIRMED,부흥초; 상당초; 신도초
BROAD_DEMAND_TOP30,8,S020001632,부흥중학교,해운대구,부산광역시해운대교육지원청,83.41176470588236,,75.86605960264902,0,5,5,HIGH_NO_CONFIRMED,부흥초; 상당초; 신곡초; 신도초; 좌동초
BROAD_DEMAND_TOP30,9,S020000775,동해중학교,동래구,부산광역시동래교육지원청,76.79411764705883,,75.1171633554084,0,3,3,HIGH_NO_CONFIRMED,교동초; 내성초; 명륜초
BROAD_DEMAND_TOP30,10,S020001919,장산중학교,해운대구,부산광역시해운대교육지원청,56.823529411764696,,73.93509933774834,0,2,2,HIGH_NO_CONFIRMED,무정초; 장산초
BROAD_DEMAND_TOP30,11,S020002311,일광중학교,기장군,부산광역시해운대교육지원청,31.705882352941174,,73.30709161147902,0,2,2,HIGH_NO_CONFIRMED,일광초; 해빛초
BROAD_DEMAND_TOP30,12,S020000793,온천중학교,동래구,부산광역시동래교육지원청,36.50000000000001,,72.93187086092715,0,6,6,HIGH_NO_CONFIRMED,금강초; 내산초; 달북초; 예원초; 온샘초; 온천초
BROAD_DEMAND_TOP30,13,S020001644,해운대중학교,해운대구,부산광역시해운대교육지원청,92.52941176470588,,72.85044150110376,0,7,7,HIGH_NO_CONFIRMED,강동초; 동백초; 해강초; 해동초; 해림초; 해운대초; 해원초
BROAD_DEMAND_TOP30,14,S020001893,해강중학교,해운대구,부산광역시해운대교육지원청,97.70588235294117,,72.85044150110376,0,5,5,HIGH_NO_CONFIRMED,강동초; 동백초; 해강초; 해림초; 해원초
BROAD_DEMAND_TOP30,15,S020001636,신도중학교,해운대구,부산광역시해운대교육지원청,77.88235294117646,,72.5846854304636,0,4,4,HIGH_NO_CONFIRMED,상당초; 신도초; 양운초; 해운대초
BROAD_DEMAND_TOP30,16,S020001643,해운대여자중학교,해운대구,부산광역시해운대교육지원청,89.82352941176471,,71.32193708609272,0,6,6,HIGH_NO_CONFIRMED,강동초; 동백초; 해동초; 해림초; 해운대초; 해원초
BROAD_DEMAND_TOP30,17,S020001857,인지중학교,해운대구,부산광역시해운대교육지원청,71.11764705882354,,68.42251655629138,0,4,4,HIGH_NO_CONFIRMED,무정초; 반안초; 인지초; 장산초
BROAD_DEMAND_TOP30,18,S020000773,동래중학교,동래구,부산광역시동래교육지원청,78.3529411764706,,68.33162251655628,0,7,7,HIGH_NO_CONFIRMED,교동초; 낙민초; 내산초; 내성초; 명륜초; 온샘초; 온천초
BROAD_DEMAND_TOP30,19,S020000607,대천중학교,남구,부산광역시남부교육지원청,71.52941176470588,,68.13187086092715,0,4,4,HIGH_NO_CONFIRMED,남천초; 대남초; 대천초; 용소초
BROAD_DEMAND_TOP30,20,S020000765,구서여자중학교,금정구,부산광역시동래교육지원청,84.70588235294117,,67.75115894039735,0,4,4,HIGH_NO_CONFIRMED,구서초; 남산초; 두실초; 장서초
BROAD_DEMAND_TOP30,21,S020001637,양운중학교,해운대구,부산광역시해운대교육지원청,82.14705882352942,,67.07527593818985,0,3,3,HIGH_NO_CONFIRMED,상당초; 신도초; 양운초
BROAD_DEMAND_TOP30,22,S020000770,남산중학교,금정구,부산광역시동래교육지원청,65.52941176470588,,66.87472406181016,0,5,5,HIGH_NO_CONFIRMED,구서초; 남산초; 두실초; 장서초; 청룡초
BROAD_DEMAND_TOP30,23,S020000794,유락여자중학교,동래구,부산광역시동래교육지원청,63.73529411764706,,66.8509105960265,0,6,6,HIGH_NO_CONFIRMED,낙민초; 내산초; 내성초; 명륜초; 온샘초; 온천초
BROAD_DEMAND_TOP30,24,S020001621,기장중학교,기장군,부산광역시해운대교육지원청,21.058823529411764,,64.81903973509934,0,4,4,HIGH_NO_CONFIRMED,기장초; 내리초; 대청초; 일광초
BROAD_DEMAND_TOP30,25,S020001839,대청중학교,기장군,부산광역시해운대교육지원청,1.0882352941176472,,64.81903973509934,0,4,4,HIGH_NO_CONFIRMED,기장초; 내리초; 대청초; 일광초
BROAD_DEMAND_TOP30,26,S020000955,가야여자중학교,부산진구,부산광역시남부교육지원청,15.705882352941178,,64.72618653421634,0,4,4,HIGH_NO_CONFIRMED,가남초; 가야초; 가평초; 선암초
BROAD_DEMAND_TOP30,27,S020000795,장전중학교,금정구,부산광역시동래교육지원청,88.5,,64.55405629139074,0,4,4,HIGH_NO_CONFIRMED,금빛초; 금정초; 장서초; 장전초
BROAD_DEMAND_TOP30,28,S020001622,동백중학교,해운대구,부산광역시해운대교육지원청,54.23529411764706,,64.0762693156733,0,5,5,HIGH_NO_CONFIRMED,동백초; 신곡초; 좌동초; 해동초; 해송초
BROAD_DEMAND_TOP30,29,S020000624,해연중학교,남구,부산광역시남부교육지원청,22.882352941176467,,63.7098233995585,0,3,3,HIGH_NO_CONFIRMED,대연초; 신연초; 연포초
BROAD_DEMAND_TOP30,30,S020001630,반여중학교,해운대구,부산광역시해운대교육지원청,32.73529411764706,,63.36007174392936,0,4,4,HIGH_NO_CONFIRMED,무정초; 반안초; 삼어초; 인지초
HIGH_QUALITY_HIGH_DEMAND_TOP30,1,S020001910,센텀중학교,해운대구,부산광역시해운대교육지원청,98.91176470588236,89.52671081677705,40.814403973509926,1,2,3,HIGH,센텀초; 송수초; 재송초
HIGH_QUALITY_HIGH_DEMAND_TOP30,2,S020001893,해강중학교,해운대구,부산광역시해운대교육지원청,97.70588235294117,,72.85044150110376,0,5,5,HIGH_NO_CONFIRMED,강동초; 동백초; 해강초; 해림초; 해원초
HIGH_QUALITY_HIGH_DEMAND_TOP30,3,S020000789,여명중학교,동래구,부산광역시동래교육지원청,94.26470588235294,,80.30325607064017,0,6,6,HIGH_NO_CONFIRMED,거제초; 거학초; 금강초; 남문초; 여고초; 창신초
HIGH_QUALITY_HIGH_DEMAND_TOP30,4,S020001644,해운대중학교,해운대구,부산광역시해운대교육지원청,92.52941176470588,,72.85044150110376,0,7,7,HIGH_NO_CONFIRMED,강동초; 동백초; 해강초; 해동초; 해림초; 해운대초; 해원초
HIGH_QUALITY_HIGH_DEMAND_TOP30,5,S020001643,해운대여자중학교,해운대구,부산광역시해운대교육지원청,89.82352941176471,,71.32193708609272,0,6,6,HIGH_NO_CONFIRMED,강동초; 동백초; 해동초; 해림초; 해운대초; 해원초
HIGH_QUALITY_HIGH_DEMAND_TOP30,6,S020001635,신곡중학교,해운대구,부산광역시해운대교육지원청,89.32352941176471,,62.41092715231788,0,5,5,HIGH_NO_CONFIRMED,상당초; 신곡초; 좌동초; 좌산초; 해송초
HIGH_QUALITY_HIGH_DEMAND_TOP30,7,S020000795,장전중학교,금정구,부산광역시동래교육지원청,88.5,,64.55405629139074,0,4,4,HIGH_NO_CONFIRMED,금빛초; 금정초; 장서초; 장전초
HIGH_QUALITY_HIGH_DEMAND_TOP30,8,S020000765,구서여자중학교,금정구,부산광역시동래교육지원청,84.70588235294117,,67.75115894039735,0,4,4,HIGH_NO_CONFIRMED,구서초; 남산초; 두실초; 장서초
HIGH_QUALITY_HIGH_DEMAND_TOP30,9,S020001632,부흥중학교,해운대구,부산광역시해운대교육지원청,83.41176470588236,,75.86605960264902,0,5,5,HIGH_NO_CONFIRMED,부흥초; 상당초; 신곡초; 신도초; 좌동초
HIGH_QUALITY_HIGH_DEMAND_TOP30,10,S020001637,양운중학교,해운대구,부산광역시해운대교육지원청,82.14705882352942,,67.07527593818985,0,3,3,HIGH_NO_CONFIRMED,상당초; 신도초; 양운초
HIGH_QUALITY_HIGH_DEMAND_TOP30,11,S020000783,사직여자중학교,동래구,부산광역시동래교육지원청,80.5,,79.14674392935983,0,4,4,HIGH_NO_CONFIRMED,금강초; 달북초; 사직초; 예원초
HIGH_QUALITY_HIGH_DEMAND_TOP30,12,S020000784,사직중학교,동래구,부산광역시동래교육지원청,79.88235294117646,,79.14674392935983,0,4,4,HIGH_NO_CONFIRMED,금강초; 달북초; 사직초; 예원초
HIGH_QUALITY_HIGH_DEMAND_TOP30,13,S020000983,이사벨중학교,연제구,부산광역시동래교육지원청,79.73529411764706,,79.81103752759383,0,5,5,HIGH_NO_CONFIRMED,거제초; 거학초; 남문초; 연동초; 창신초
HIGH_QUALITY_HIGH_DEMAND_TOP30,14,S020000773,동래중학교,동래구,부산광역시동래교육지원청,78.3529411764706,,68.33162251655628,0,7,7,HIGH_NO_CONFIRMED,교동초; 낙민초; 내산초; 내성초; 명륜초; 온샘초; 온천초
HIGH_QUALITY_HIGH_DEMAND_TOP30,15,S020001633,상당중학교,해운대구,부산광역시해운대교육지원청,78.26470588235294,,78.09409492273733,0,3,3,HIGH_NO_CONFIRMED,부흥초; 상당초; 신도초
HIGH_QUALITY_HIGH_DEMAND_TOP30,16,S020001636,신도중학교,해운대구,부산광역시해운대교육지원청,77.88235294117646,,72.5846854304636,0,4,4,HIGH_NO_CONFIRMED,상당초; 신도초; 양운초; 해운대초
HIGH_QUALITY_HIGH_DEMAND_TOP30,17,S020001439,초장중학교,서구,부산광역시서부교육지원청,77.23529411764707,,62.26407284768212,0,5,5,HIGH_NO_CONFIRMED,구학초; 대신초; 부민초; 아미초; 토성초
HIGH_QUALITY_HIGH_DEMAND_TOP30,18,S020000775,동해중학교,동래구,부산광역시동래교육지원청,76.79411764705883,,75.1171633554084,0,3,3,HIGH_NO_CONFIRMED,교동초; 내성초; 명륜초
HIGH_QUALITY_HIGH_DEMAND_TOP30,19,S020000786,안락중학교,동래구,부산광역시동래교육지원청,71.8529411764706,,61.6733995584989,0,5,5,HIGH_NO_CONFIRMED,명장초; 안남초; 안민초; 안진초; 충렬초
HIGH_QUALITY_HIGH_DEMAND_TOP30,20,S020000607,대천중학교,남구,부산광역시남부교육지원청,71.52941176470588,,68.13187086092715,0,4,4,HIGH_NO_CONFIRMED,남천초; 대남초; 대천초; 용소초
HIGH_QUALITY_HIGH_DEMAND_TOP30,21,S020001857,인지중학교,해운대구,부산광역시해운대교육지원청,71.11764705882354,,68.42251655629138,0,4,4,HIGH_NO_CONFIRMED,무정초; 반안초; 인지초; 장산초
HIGH_QUALITY_HIGH_DEMAND_TOP30,22,S020001838,명진중학교,북구,부산광역시북부교육지원청,68.35294117647058,,61.624392935982335,0,5,5,HIGH_NO_CONFIRMED,금명초; 명진초; 신금초; 학사초; 화잠초
HIGH_QUALITY_HIGH_DEMAND_TOP30,23,S020000770,남산중학교,금정구,부산광역시동래교육지원청,65.52941176470588,,66.87472406181016,0,5,5,HIGH_NO_CONFIRMED,구서초; 남산초; 두실초; 장서초; 청룡초
