kapt_code,kapt_name,legal_dong,address,total_households,approval_date,sale_type,rental_type,evidence_source,exclusion_reason,processing_status,verified_at
A10022985,경동포레스트힐 행복주택 아미,아미동2가,부산광역시 서구 아미동2가 286 경동포레스트힐 행복주택 아미,767,20230901,임대,행복주택,K-apt 공식 분양형태(임대),"순수 임대단지 (일반 분양 주거세대 없음, sale_apartment 제외 대상)",EXCLUDED_RENTAL_ONLY,2026-09-18
A60275201,남부민풀리페,남부민동,부산광역시 서구 남부민동 706 남부민풀리페,782,20130625,임대,공공임대/국민임대,K-apt 공식 분양형태(임대),"순수 임대단지 (일반 분양 주거세대 없음, sale_apartment 제외 대상)",EXCLUDED_RENTAL_ONLY,2026-09-18
A60670101,도시공사동삼2지구영구임대아파트,동삼동,부산광역시 영도구 동삼동 510 도시공사동삼2지구영구임대아파트,1120,19951020,임대,영구임대,K-apt 공식 분양형태(임대),"순수 임대단지 (일반 분양 주거세대 없음, sale_apartment 제외 대상)",EXCLUDED_RENTAL_ONLY,2026-09-18
A60676104,부산동삼1,동삼동,부산광역시 영도구 동삼동 1121 부산동삼1,976,19911115,임대,공공임대/국민임대,K-apt 공식 분양형태(임대),"순수 임대단지 (일반 분양 주거세대 없음, sale_apartment 제외 대상)",EXCLUDED_RENTAL_ONLY,2026-09-18
A60676205,부산동삼2주공,동삼동,부산광역시 영도구 동삼동 1123 부산동삼2주공,1968,19931020,임대,국민임대,K-apt 공식 분양형태(임대),"순수 임대단지 (일반 분양 주거세대 없음, sale_apartment 제외 대상)",EXCLUDED_RENTAL_ONLY,2026-09-18
A10025901,부산전포동 사랑으로 부영아파트,전포동,부산광역시 부산진구 전포동 188-9 부산전포동 사랑으로 부영아파트,500,20181130,임대,공공임대/국민임대,K-apt 공식 분양형태(임대),"순수 임대단지 (일반 분양 주거세대 없음, sale_apartment 제외 대상)",EXCLUDED_RENTAL_ONLY,2026-09-18
A10027340,전포LH아파트,전포동,부산광역시 부산진구 전포동 116 전포LH아파트,794,20161013,임대,LH공공임대,K-apt 공식 분양형태(임대),"순수 임대단지 (일반 분양 주거세대 없음, sale_apartment 제외 대상)",EXCLUDED_RENTAL_ONLY,2026-09-18
A61476004,범천LH,범천동,부산광역시 부산진구 범천동 1644 범천LH,533,20130516,임대,LH공공임대,K-apt 공식 분양형태(임대),"순수 임대단지 (일반 분양 주거세대 없음, sale_apartment 제외 대상)",EXCLUDED_RENTAL_ONLY,2026-09-18
A61480910,개금2지구도개공임대아파트,개금동,부산광역시 부산진구 개금동 1-1 개금2지구도개공임대아파트,990,19940709,임대,공공임대/국민임대,K-apt 공식 분양형태(임대),"순수 임대단지 (일반 분양 주거세대 없음, sale_apartment 제외 대상)",EXCLUDED_RENTAL_ONLY,2026-09-18
A60777206,부산안락4휴먼시아,안락동,부산광역시 동래구 안락동 1256 부산안락4휴먼시아,619,20110713,임대,공공임대/국민임대,K-apt 공식 분양형태(임대),"순수 임대단지 (일반 분양 주거세대 없음, sale_apartment 제외 대상)",EXCLUDED_RENTAL_ONLY,2026-09-18
A61674824,부산율리마을,금곡동,부산광역시 북구 금곡동 1882 부산율리마을,840,20040524,임대,공공임대/국민임대,K-apt 공식 분양형태(임대),"순수 임대단지 (일반 분양 주거세대 없음, sale_apartment 제외 대상)",EXCLUDED_RENTAL_ONLY,2026-09-18
A61676118,금곡주공1단지,금곡동,부산광역시 북구 금곡동 53-1 금곡주공1단지,1099,19940813,임대,국민임대,K-apt 공식 분양형태(임대),"순수 임대단지 (일반 분양 주거세대 없음, sale_apartment 제외 대상)",EXCLUDED_RENTAL_ONLY,2026-09-18
A61676215,금곡주공2단지,금곡동,부산광역시 북구 금곡동 98-1 금곡주공2단지,1460,19940813,임대,국민임대,K-apt 공식 분양형태(임대),"순수 임대단지 (일반 분양 주거세대 없음, sale_apartment 제외 대상)",EXCLUDED_RENTAL_ONLY,2026-09-18
A61676422,금곡주공4단지,금곡동,부산광역시 북구 금곡동 1108 금곡주공4단지,1937,19940708,임대,국민임대,K-apt 공식 분양형태(임대),"순수 임대단지 (일반 분양 주거세대 없음, sale_apartment 제외 대상)",EXCLUDED_RENTAL_ONLY,2026-09-18
A61676723,금곡주공7단지,금곡동,부산광역시 북구 금곡동 811 금곡주공7단지,802,19960506,임대,국민임대,K-apt 공식 분양형태(임대),"순수 임대단지 (일반 분양 주거세대 없음, sale_apartment 제외 대상)",EXCLUDED_RENTAL_ONLY,2026-09-18
A61679609,부산만덕3단지 주공아파트,만덕동,부산광역시 북구 만덕동 944-6 부산만덕3단지 주공아파트,1350,20031111,임대,국민임대,K-apt 공식 분양형태(임대),"순수 임대단지 (일반 분양 주거세대 없음, sale_apartment 제외 대상)",EXCLUDED_RENTAL_ONLY,2026-09-18
A61677404,덕천주공2단지,덕천동,부산광역시 북구 덕천동 808 덕천주공2단지,1507,19911030,임대,국민임대,K-apt 공식 분양형태(임대),"순수 임대단지 (일반 분양 주거세대 없음, sale_apartment 제외 대상)",EXCLUDED_RENTAL_ONLY,2026-09-18
A61681409,부산도시공사 덕천2지구 아파트,덕천동,부산광역시 북구 덕천동 814-1 부산도시공사 덕천2지구 아파트,990,19941125,임대,BMC공공임대,K-apt 공식 분양형태(임대),"순수 임대단지 (일반 분양 주거세대 없음, sale_apartment 제외 대상)",EXCLUDED_RENTAL_ONLY,2026-09-18
A61273009,부산도시공사 반송영구임대아파트,반송동,부산광역시 해운대구 반송동 880 부산도시공사 반송영구임대아파트,1050,19950214,임대,영구임대,K-apt 공식 분양형태(임대),"순수 임대단지 (일반 분양 주거세대 없음, sale_apartment 제외 대상)",EXCLUDED_RENTAL_ONLY,2026-09-18
A61273609,부산반송주공,반송동,부산광역시 해운대구 반송동 77 부산반송주공,1710,19911224,임대,국민임대,K-apt 공식 분양형태(임대),"순수 임대단지 (일반 분양 주거세대 없음, sale_apartment 제외 대상)",EXCLUDED_RENTAL_ONLY,2026-09-18
A61204001,송정1단지주공아파트,송정동,부산광역시 해운대구 송정동 929 송정1단지주공아파트,828,20070406,임대,국민임대,K-apt 공식 분양형태(임대),"순수 임대단지 (일반 분양 주거세대 없음, sale_apartment 제외 대상)",EXCLUDED_RENTAL_ONLY,2026-09-18
A61204002,부산송정2휴먼시아,송정동,부산광역시 해운대구 송정동 934 부산송정2휴먼시아,890,20100701,임대,공공임대/국민임대,K-apt 공식 분양형태(임대),"순수 임대단지 (일반 분양 주거세대 없음, sale_apartment 제외 대상)",EXCLUDED_RENTAL_ONLY,2026-09-18
A60475309,3지구도개공아파트,다대동,부산광역시 사하구 다대동 113-13 3지구도개공아파트,750,19891122,임대,공공임대/국민임대,K-apt 공식 분양형태(임대),"순수 임대단지 (일반 분양 주거세대 없음, sale_apartment 제외 대상)",EXCLUDED_RENTAL_ONLY,2026-09-18
A60475411,도개공다대4지구영구임대아파트,다대동,부산광역시 사하구 다대동 96-1 도개공다대4지구영구임대아파트,1920,19950622,임대,영구임대,K-apt 공식 분양형태(임대),"순수 임대단지 (일반 분양 주거세대 없음, sale_apartment 제외 대상)",EXCLUDED_RENTAL_ONLY,2026-09-18
A60482712,5지구몰운대영구임대아파트,다대동,부산광역시 사하구 다대동 1548-11 5지구몰운대영구임대아파트,2107,19961024,임대,영구임대,K-apt 공식 분양형태(임대),"순수 임대단지 (일반 분양 주거세대 없음, sale_apartment 제외 대상)",EXCLUDED_RENTAL_ONLY,2026-09-18
A10024185,부산사하중흥S-클래스,구평동,부산광역시 사하구 구평동 513 부산사하중흥S-클래스,665,20210705,임대,공공임대/국민임대,K-apt 공식 분양형태(임대),"순수 임대단지 (일반 분양 주거세대 없음, sale_apartment 제외 대상)",EXCLUDED_RENTAL_ONLY,2026-09-18
A60976501,부곡시영,부곡동,부산광역시 금정구 부곡동 957 부곡시영,553,19910603,임대,공공임대/국민임대,K-apt 공식 분양형태(임대),"순수 임대단지 (일반 분양 주거세대 없음, sale_apartment 제외 대상)",EXCLUDED_RENTAL_ONLY,2026-09-18
A10025932,명지금강펜테리움센트럴파크3차,명지동,부산광역시 강서구 명지동 3347 명지금강펜테리움센트럴파크3차,870,20181119,임대,공공임대/국민임대,K-apt 공식 분양형태(임대),"순수 임대단지 (일반 분양 주거세대 없음, sale_apartment 제외 대상)",EXCLUDED_RENTAL_ONLY,2026-09-18
A61823001,지사휴먼시아,지사동,부산광역시 강서구 지사동 1183-1 지사휴먼시아,961,20111007,임대,공공임대/국민임대,K-apt 공식 분양형태(임대),"순수 임대단지 (일반 분양 주거세대 없음, sale_apartment 제외 대상)",EXCLUDED_RENTAL_ONLY,2026-09-18
A61872203,부산신호사랑으로부영5차,신호동,부산광역시 강서구 신호동 302-2 부산신호사랑으로부영5차,1109,20141124,임대,공공임대/국민임대,K-apt 공식 분양형태(임대),"순수 임대단지 (일반 분양 주거세대 없음, sale_apartment 제외 대상)",EXCLUDED_RENTAL_ONLY,2026-09-18
A61872204,부산신호3사랑으로부영3차,신호동,부산광역시 강서구 신호동 300-1 부산신호3사랑으로부영3차,1278,20141008,임대,공공임대/국민임대,K-apt 공식 분양형태(임대),"순수 임대단지 (일반 분양 주거세대 없음, sale_apartment 제외 대상)",EXCLUDED_RENTAL_ONLY,2026-09-18
A10020498,시청앞 행복주택1단지,연산동,부산광역시 연제구 연산동 1590-25 시청앞 행복주택1단지,589,20250721,임대,행복주택,K-apt 공식 분양형태(임대),"순수 임대단지 (일반 분양 주거세대 없음, sale_apartment 제외 대상)",EXCLUDED_RENTAL_ONLY,2026-09-18
A10023014,시청앞 행복주택2단지,연산동,부산광역시 연제구 연산동 1590-25 시청앞 행복주택2단지,999,20230905,임대,행복주택,K-apt 공식 분양형태(임대),"순수 임대단지 (일반 분양 주거세대 없음, sale_apartment 제외 대상)",EXCLUDED_RENTAL_ONLY,2026-09-18
A61775307,부산모라주공3,모라동,부산광역시 사상구 모라동 75 부산모라주공3,2385,19930602,임대,국민임대,K-apt 공식 분양형태(임대),"순수 임대단지 (일반 분양 주거세대 없음, sale_apartment 제외 대상)",EXCLUDED_RENTAL_ONLY,2026-09-18
A61781706,모라주공1단지,모라동,부산광역시 사상구 모라동 552 모라주공1단지,2529,19920515,임대,국민임대,K-apt 공식 분양형태(임대),"순수 임대단지 (일반 분양 주거세대 없음, sale_apartment 제외 대상)",EXCLUDED_RENTAL_ONLY,2026-09-18
A10028191,감전엘에이치,감전동,부산광역시 사상구 감전동 337 감전엘에이치,622,20141110,임대,공공임대/국민임대,K-apt 공식 분양형태(임대),"순수 임대단지 (일반 분양 주거세대 없음, sale_apartment 제외 대상)",EXCLUDED_RENTAL_ONLY,2026-09-18
A61777410,학장1지구도개공임대,학장동,부산광역시 사상구 학장동 168-7 학장1지구도개공임대,720,19930327,임대,공공임대/국민임대,K-apt 공식 분양형태(임대),"순수 임대단지 (일반 분양 주거세대 없음, sale_apartment 제외 대상)",EXCLUDED_RENTAL_ONLY,2026-09-18
A61970415,부산기장교리,기장읍,부산광역시 기장군 기장읍 교리 170 부산기장교리,875,20031229,임대,공공임대/국민임대,K-apt 공식 분양형태(임대),"순수 임대단지 (일반 분양 주거세대 없음, sale_apartment 제외 대상)",EXCLUDED_RENTAL_ONLY,2026-09-18
A61990213,내리 휴먼시아1단지,기장읍,부산광역시 기장군 기장읍 내리 768 내리 휴먼시아1단지,1002,20081024,임대,공공임대/국민임대,K-apt 공식 분양형태(임대),"순수 임대단지 (일반 분양 주거세대 없음, sale_apartment 제외 대상)",EXCLUDED_RENTAL_ONLY,2026-09-18
A61996105,정관LH4단지,정관읍,부산광역시 기장군 정관읍 달산리 1231 정관LH4단지,964,20120810,임대,LH공공임대,K-apt 공식 분양형태(임대),"순수 임대단지 (일반 분양 주거세대 없음, sale_apartment 제외 대상)",EXCLUDED_RENTAL_ONLY,2026-09-18
A61996112,정관신도시LH5단지,정관읍,부산광역시 기장군 정관읍 달산리 1202 정관신도시LH5단지,1128,20131002,임대,LH공공임대,K-apt 공식 분양형태(임대),"순수 임대단지 (일반 분양 주거세대 없음, sale_apartment 제외 대상)",EXCLUDED_RENTAL_ONLY,2026-09-18
A10025749,부산정관 행복주택,정관읍,부산광역시 기장군 정관읍 모전리 717 부산정관 행복주택,856,20181218,임대,행복주택,K-apt 공식 분양형태(임대),"순수 임대단지 (일반 분양 주거세대 없음, sale_apartment 제외 대상)",EXCLUDED_RENTAL_ONLY,2026-09-18
A10026813,정관 엘에이치 7단지,정관읍,부산광역시 기장군 정관읍 모전리 681 정관 엘에이치 7단지,1934,20170706,임대,공공임대/국민임대,K-apt 공식 분양형태(임대),"순수 임대단지 (일반 분양 주거세대 없음, sale_apartment 제외 대상)",EXCLUDED_RENTAL_ONLY,2026-09-18
A61996103,정관신도시휴먼시아2단지,정관읍,부산광역시 기장군 정관읍 모전리 768 정관신도시휴먼시아2단지,1301,20100104,임대,공공임대/국민임대,K-apt 공식 분양형태(임대),"순수 임대단지 (일반 분양 주거세대 없음, sale_apartment 제외 대상)",EXCLUDED_RENTAL_ONLY,2026-09-18
A61996308,정관신도시휴먼시아1단지,정관읍,부산광역시 기장군 정관읍 용수리 1359 정관신도시휴먼시아1단지,1533,20081229,임대,공공임대/국민임대,K-apt 공식 분양형태(임대),"순수 임대단지 (일반 분양 주거세대 없음, sale_apartment 제외 대상)",EXCLUDED_RENTAL_ONLY,2026-09-18
A10020313,일광동원로얄듀크,일광읍,부산광역시 기장군 일광읍 삼성리 771- 일광동원로얄듀크,1134,20251219,임대,공공임대/국민임대,K-apt 공식 분양형태(임대),"순수 임대단지 (일반 분양 주거세대 없음, sale_apartment 제외 대상)",EXCLUDED_RENTAL_ONLY,2026-09-18
A10023283,금호센트럴베이 행복주택 일광,일광읍,부산광역시 기장군 일광읍 삼성리 853 금호센트럴베이 행복주택 일광,999,20230324,임대,행복주택,K-apt 공식 분양형태(임대),"순수 임대단지 (일반 분양 주거세대 없음, sale_apartment 제외 대상)",EXCLUDED_RENTAL_ONLY,2026-09-18
A10023778,이지더원2차포레온아파트,일광읍,부산광역시 기장군 일광읍 삼성리 812 이지더원2차포레온아파트,786,20220526,임대,공공임대/국민임대,K-apt 공식 분양형태(임대),"순수 임대단지 (일반 분양 주거세대 없음, sale_apartment 제외 대상)",EXCLUDED_RENTAL_ONLY,2026-09-18
A61987101,고촌휴먼시아,철마면,부산광역시 기장군 철마면 고촌리 615 고촌휴먼시아,1084,20100104,임대,공공임대/국민임대,K-apt 공식 분양형태(임대),"순수 임대단지 (일반 분양 주거세대 없음, sale_apartment 제외 대상)",EXCLUDED_RENTAL_ONLY,2026-09-18
